,frequency
bundesbank,355
usair,278
gencorp,248
gatt,240
yeutter,181
shearson,168
totalled,165
gnp,158
purolator,156
lyng,156
dixons,149
taft,144
oecd,140
bancorp,140
icco,126
organisation,126
miyazawa,125
aluminium,124
nakasone,122
volcker,121
ecus,121
texaco,115
poehl,112
sumita,106
gaf,106
nippon,102
stoltenberg,100
sosnoff,98
allegheny,96
kuwaiti,96
licence,95
labour,93
baldrige,92
chemlawn,91
miti,88
stabilise,86
harcourt,85
burlington,83
citicorp,78
viacom,73
reuter,71
cyacq,71
fairchild,70
algeria,68
ibc,67
woolworth,66
ferruzzi,64
lme,62
revlon,62
defence,61
usx,61
sulphur,60
gillette,59
amstutz,59
amoco,58
totalling,57
icahn,56
favour,56
inra,56
edelman,55
pdvsa,55
wti,55
bonn,55
kansa,55
herrington,54
shultz,54
transcanada,53
balladur,52
petrobras,51
favourable,50
weinberger,50
centre,50
comdata,49
programme,49
honeywell,48
rotterdam,48
afg,48
salomon,48
cominco,48
newmont,47
alcan,47
dauster,46
industrialised,45
southmark,45
fujitsu,45
noranda,45
cargill,44
ldp,44
kiichi,43
conrac,43
becor,43
bankamerica,43
pesch,42
yasuhiro,41
aegean,41
bolivia,41
sumitomo,41
boliden,41
norstar,40
eia,40
hongkong,39
schlumberger,39
drexel,39
rumour,39
unilever,38
schlesinger,37
subroto,37
tmoc,37
redstone,37
chirac,37
nazer,37
statoil,36
glickman,36
gabelli,36
burnham,36
xon,35
cathay,35
monier,35
stabilisation,34
campeau,34
conable,34
unocal,34
gelco,34
stcks,34
warburg,34
bancshares,34
gerhard,33
lukman,33
pennzoil,33
hoechst,33
bilzerian,32
hormuz,32
rexnord,32
cbt,32
champlin,32
esso,32
metre,31
mannesmann,31
atpc,31
authorised,31
cgct,31
painewebber,31
tenneco,31
norcros,31
luxembourg,30
lbo,30
capel,30
janeiro,30
matheson,29
pillsbury,29
mitsui,29
fitzwater,29
edouard,29
mthly,29
stearns,29
conoco,29
allegis,28
kanon,28
privatisation,28
transamerica,28
qintex,28
sealy,28
encor,28
westinghouse,27
princeville,27
satoshi,27
richfield,27
commerzbank,27
mulford,27
awb,27
cenergy,26
heyman,26
criticised,26
sprinkel,26
ecuadorean,26
icn,26
heinz,26
huckaby,26
jwt,26
xuto,26
liberalisation,26
ivorian,25
etl,25
yugoslav,25
epac,25
calmat,25
oppenheimer,25
caspar,25
honduras,25
mhi,25
ascs,25
iea,25
enquiry,25
petroleos,25
yugoslavia,25
clercq,25
ortner,24
rospatch,24
swire,24
wickes,24
calny,23
samjens,23
darman,23
alusuisse,23
watanabe,23
mca,23
utilicorp,23
mulroney,23
montedison,22
bancroft,22
upham,22
uccel,22
donaldson,22
papua,22
tvx,22
cancelled,22
ucpb,22
maekawa,22
eastman,21
reichhold,21
sarney,21
celanese,21
nppc,21
fhlbb,21
stabilising,21
grenfell,21
grisanti,21
bangemann,21
minstar,21
jovanovich,21
rha,21
hillards,21
harbour,21
azpurua,21
temporao,21
lindner,21
tamura,20
transamerican,20
symbion,20
monsanto,20
kleinwort,20
ameritrust,20
zico,20
alvite,20
transco,20
argosystems,20
rko,20
royex,20
favoured,20
ncr,20
wtc,20
diw,20
unicorp,20
metex,20
conagra,20
ultramar,20
iwc,20
cardenas,19
fertiliser,19
rostenkowski,19
hutchison,19
arango,19
sloane,19
algerian,19
tanzania,19
fibre,19
citgo,19
tunisia,19
agip,19
psbr,19
montagu,19
fcoj,19
gould,19
czarnikow,19
zurich,19
mcivor,18
zccm,18
pcc,18
zambian,18
cordoba,18
pantera,18
bentsen,18
roderick,18
perelman,18
cftc,18
salvador,18
anz,18
rothschild,18
brierley,18
deak,18
westpac,18
dmp,18
cmb,18
rouble,18
cpb,18
olson,18
aqazadeh,18
pepsico,18
romero,18
outokumpu,17
jorio,17
avana,17
akzo,17
clevite,17
saito,17
alcoa,17
squibb,17
fnv,17
hbj,17
sdr,17
proxmire,17
matthey,17
rmj,17
renouf,17
zaire,17
srd,17
anacomp,17
comalco,17
datron,17
sanwa,17
keidanren,17
papandreou,17
nymex,17
heineken,17
cetus,17
adsteam,17
laidlaw,17
endotronics,17
andriessen,17
brusca,17
coopervision,17
gaviria,17
hiram,17
istat,17
gobert,17
balao,17
mueller,16
kimberley,16
modulaire,16
redland,16
rexham,16
nikko,16
gorbachev,16
seipp,16
mti,16
alaskan,16
echlin,16
krupp,16
gephardt,16
annualised,16
pertamina,16
dupont,16
margoshes,16
computerland,16
aegon,16
parana,16
danforth,16
kato,15
guatemala,15
kaunda,15
theodore,15
nabisco,15
bsn,15
rjr,15
nicaragua,15
berisford,15
yulo,15
suharto,15
pinola,15
nogales,15
hawley,15
mclean,15
aquino,15
aramco,15
paribas,15
pittston,15
pemex,15
macandrews,15
koehler,15
licht,15
axp,15
ltv,15
preussag,15
lichtblau,15
contel,15
bpi,14
itel,14
abbett,14
suralco,14
seger,14
madagascar,14
fichtel,14
dhabi,14
goodrich,14
narragansett,14
realise,14
managua,14
kaneb,14
atcor,14
foote,14
arturo,14
lufkin,14
permian,14
ferc,14
allwaste,14
veba,14
caracas,14
pincus,14
scandinavia,14
jenrette,14
wmx,14
hague,14
liffe,14
giorgio,14
armtek,14
ariadne,14
eyskens,14
learjet,14
scotia,14
transworld,14
tfb,14
denman,14
nomura,14
asamera,14
silas,14
fdic,14
barwon,14
verne,13
kellogg,13
spc,13
croo,13
rtz,13
chv,13
nspa,13
datagraphix,13
delors,13
kistler,13
eiu,13
espinosa,13
corby,13
akron,13
recognised,13
reorganisation,13
comecon,13
rationalisation,13
jefferies,13
finalised,13
markka,13
slifer,13
shv,13
sunter,13
fao,13
lipc,13
bache,13
crowley,13
johannesburg,13
fahd,13
insee,13
lyle,13
bethlehem,13
evergo,12
sceptical,12
efh,12
cornelissen,12
imatron,12
erbynn,12
cso,12
swearingen,12
keycorp,12
schwab,12
eurofer,12
concepcion,12
hollinger,12
intercare,12
agrio,12
centel,12
novamin,12
lasmo,12
kharg,12
lusinchi,12
dresdner,12
siegler,12
hovis,12
alleghany,12
canbra,12
saskatchewan,12
thyssen,12
ecolab,12
saatchi,12
rhode,12
digiorgio,12
clabir,12
billiton,12
kuroda,12
soriano,12
whittaker,12
geodome,12
hoare,12
bhd,12
lsb,12
bolivian,12
vernitron,12
guangdong,12
monfort,12
aristech,12
hisham,12
geodyne,12
javier,12
seton,12
irna,12
stc,12
sperry,12
amoskeag,12
annesley,11
reph,11
fildes,11
amsouth,11
slb,11
ixl,11
liberalised,11
viner,11
giordano,11
instinet,11
genova,11
dreyfus,11
komatsu,11
magellan,11
lifo,11
gluck,11
biffex,11
comite,11
buckhorn,11
interco,11
nmic,11
hmo,11
staley,11
neptunia,11
driel,11
bcw,11
neighbouring,11
pcgg,11
judgement,11
neco,11
harkin,11
csx,11
igon,11
bfg,11
electrospace,11
growmark,11
ajinomoto,11
heublein,11
emhart,11
pechiney,11
buitoni,11
privatised,11
sorg,11
caltex,11
bnl,11
govett,11
csce,11
lvi,11
zimmerman,11
grey,11
babcock,11
hecla,11
multifoods,11
nortek,11
herrhausen,11
huron,11
rhine,11
talyzin,11
stabilised,10
westin,10
bko,10
enro,10
levitt,10
vogtle,10
chubb,10
fulfil,10
rafsanjani,10
homestake,10
auspex,10
maxtor,10
henkel,10
crossland,10
petroles,10
apea,10
nawg,10
arkla,10
tandy,10
fcs,10
interfirst,10
mci,10
callebaut,10
mtbe,10
denshin,10
pentland,10
duffour,10
zayre,10
westlb,10
signalled,10
spartech,10
czechoslovakia,10
affandi,10
gardini,10
dumez,10
mco,10
republicbank,10
hofer,10
phlx,10
bastian,10
capitalisation,10
trustco,10
estenssoro,10
channon,10
galveston,10
cacex,10
ammeen,10
unctad,10
mcdonnell,10
paralax,10
cgp,10
marwick,10
intermedics,10
klopfenstein,10
degussa,10
petromin,10
norsk,10
mikhail,10
sichuan,10
dunham,10
meston,10
equiticorp,10
kokusai,10
telesis,10
stauffer,10
levon,10
melnikov,10
nerco,10
denwa,10
comibol,10
hajime,10
rostam,10
mousavi,10
sandoz,10
debartolo,10
ecgd,10
fendt,10
atco,10
searle,10
smithkline,10
rosenbaum,10
pcr,9
financiere,9
superdrug,9
entregrowth,9
ongpin,9
mhc,9
hemdale,9
frans,9
instalment,9
medco,9
uspci,9
ntt,9
benequity,9
ambrit,9
jopling,9
brasilia,9
cruzados,9
boschwitz,9
leucadia,9
zondervan,9
asarco,9
prudhoe,9
koether,9
hpr,9
surinam,9
martell,9
americus,9
otsuki,9
borden,9
glynwed,9
centred,9
townsend,9
bci,9
nicaraguan,9
kuranari,9
inro,9
guillaume,9
porex,9
mohler,9
labatt,9
linde,9
norge,9
nederland,9
cheyenne,9
eurostat,9
francois,9
wallis,9
tanaka,9
henan,9
gleske,9
coniston,9
navistar,9
olivetti,9
hillsdown,9
pwj,9
ufcwu,9
guinn,9
medtronic,9
cojuangco,9
ksz,9
nzi,9
loral,9
fujian,9
bancorporation,9
cepe,9
claremont,9
kansai,9
ansett,9
unisys,9
siddeley,9
authorisation,9
rockwell,9
lennar,9
bigelow,9
innovex,9
manoeuvre,9
labelling,9
seidman,9
kobena,9
rilwanu,9
northair,9
tektronix,9
minpeco,9
amax,9
hodel,9
avalon,9
ibp,9
manaspas,9
ugandan,9
rorer,9
rca,9
mckesson,9
horick,9
ramon,9
alza,9
nsc,8
valhi,8
jannock,8
lmfe,8
mcintyre,8
panamanian,8
fermenta,8
aircal,8
ouko,8
carolin,8
eurosterling,8
norcen,8
sheldahl,8
viratek,8
srw,8
narjes,8
balletto,8
gibraltar,8
braverman,8
hoogovens,8
sogenal,8
gordex,8
ssmc,8
suchard,8
cip,8
almir,8
brookehill,8
groundnutseed,8
bpcc,8
almaden,8
dillard,8
neoax,8
btr,8
kuala,8
shattner,8
esselte,8
bregman,8
fso,8
fekete,8
speciality,8
suez,8
cax,8
canamax,8
wallenbergs,8
oii,8
weyerhaeuser,8
resdel,8
zoete,8
iida,8
kdi,8
jpm,8
neighbour,8
leahy,8
marcade,8
venalum,8
ranco,8
glatfelter,8
shc,8
condere,8
fruehauf,8
cxr,8
britannia,8
olin,8
viermetz,8
exovir,8
cityquest,8
groote,8
gholamreza,8
seaforth,8
wrather,8
iomega,8
orbanco,8
jucker,8
dainippon,8
leaseway,8
itj,8
bryson,8
britoil,8
buttrose,8
wallenberg,8
privatise,8
chesebrough,8
kresge,8
marietta,8
fidelcor,8
bancgroup,8
arvin,8
belgrade,8
northgate,8
senegal,8
raytheon,8
eishiro,8
smithson,8
nzfp,8
southam,8
liberalise,8
hovnanian,8
sainsbury,8
amylum,8
lerner,8
inkey,8
vbi,8
unp,8
itoh,8
rgc,8
ipai,7
oljeselskap,7
gallaher,7
amro,7
finanziaria,7
wedd,7
barrick,7
spethmann,7
armacost,7
suffield,7
camco,7
burmah,7
woodside,7
hartmarx,7
kravis,7
ruding,7
veslefrikk,7
halmi,7
visnews,7
zeebrugge,7
cuenca,7
nordbanken,7
erc,7
ecopetrol,7
leclerc,7
kiel,7
rubbermaid,7
buffton,7
reintegro,7
chemclear,7
medar,7
beecham,7
mcgill,7
kdd,7
lazere,7
thoresen,7
kohlberg,7
cummins,7
enzon,7
sugarman,7
tecsyn,7
tlx,7
honour,7
escalante,7
hofmeister,7
bojangles,7
dharyono,7
icch,7
indosuez,7
mcv,7
trelleborg,7
melamed,7
dibona,7
roebuck,7
comsat,7
paradyne,7
minorco,7
leiner,7
pierson,7
bsi,7
cruzado,7
zeeuw,7
xiamen,7
hazleton,7
nbh,7
atico,7
lilco,7
oceania,7
grieveson,7
dotronix,7
alexandria,7
farah,7
slc,7
wallin,7
asea,7
odeon,7
healthvest,7
bankhaus,7
sedgwick,7
pca,7
ucl,7
balzac,7
clevebaco,7
wpp,7
rothmans,7
dubilier,7
keswick,7
hadson,7
healthmate,7
armel,7
gec,7
accuray,7
mobex,7
kaske,7
oakley,7
leutwiler,7
lumpur,7
meinhardt,7
nugent,7
norgold,7
woodhouse,7
amcast,7
paralysed,7
reord,7
phh,7
ncb,7
kerridge,7
alitalia,7
mfn,7
amselco,7
antilles,7
livingwell,7
kokan,7
tuskaloosa,7
geplacea,7
nacco,7
showa,7
ceasars,7
argyll,7
azzam,7
agpm,7
laydays,7
gwf,7
mcguinness,7
habbel,7
agrimont,7
riyadh,7
davy,7
gabon,7
codelco,7
forstmann,7
biopool,7
modernise,7
burdett,7
wilf,7
wormald,7
domtar,7
kiena,7
goodwood,7
citic,7
schuster,7
rowntree,7
berliner,7
sumatra,7
fellner,7
jauppi,7
recognise,7
mccrory,7
carolco,7
equimark,7
weizsaecker,7
taipei,7
boveri,7
cordero,7
girozentrale,7
lanston,7
sayam,7
chernobyl,7
mmtc,7
anhui,7
glaxo,7
oreffice,7
endeavour,7
citroen,7
paton,6
ekofisk,6
zimbabwean,6
zeebregts,6
ldbrinkman,6
montrose,6
hitachi,6
faygo,6
pensacola,6
midmississippi,6
tcby,6
wessanen,6
sybron,6
petronas,6
amcor,6
monsod,6
heidrun,6
wilhelm,6
tanghe,6
harlow,6
newhall,6
fbt,6
steuart,6
bhpgm,6
salant,6
caledonian,6
seaxe,6
teleglobe,6
ishihara,6
idb,6
moller,6
brockway,6
laurentian,6
australasia,6
careplus,6
courtaulds,6
gurria,6
beira,6
timminco,6
colour,6
trw,6
metallgesellschaft,6
roxy,6
cgrt,6
bmy,6
beall,6
schweizerische,6
iml,6
chemie,6
murakhovsky,6
wiehn,6
stifel,6
xebec,6
bamberger,6
signalling,6
plessis,6
zinn,6
swissair,6
wiggins,6
macgregor,6
liberian,6
ncnb,6
moines,6
asahan,6
agricola,6
izvestia,6
fumio,6
paolo,6
arbed,6
mcdowell,6
rrim,6
silverton,6
kloeckner,6
sdrs,6
lomak,6
sceptre,6
emphasised,6
btx,6
andersen,6
dyr,6
pazzionotto,6
sterivet,6
teberebie,6
crk,6
precambrian,6
wifo,6
eskey,6
pnb,6
gaspe,6
brinkmann,6
ganilau,6
telephoniques,6
febres,6
chequable,6
inl,6
mccormick,6
gamco,6
comstock,6
absb,6
frawley,6
inverness,6
liro,6
mielke,6
cytrx,6
hebei,6
moonie,6
boddington,6
cipec,6
strenger,6
quito,6
makoto,6
nilsson,6
napm,6
hockin,6
westburne,6
westworld,6
buckstein,6
alejandro,6
sindt,6
troon,6
grangemouth,6
lubbock,6
goria,6
catena,6
criticises,6
subsidise,6
metromail,6
develle,6
mlx,6
austmet,6
pharmacia,6
pancanadian,6
sulpetro,6
androsch,6
gsx,6
fecs,6
witte,6
texstyrene,6
mamman,6
ccx,6
bankshares,6
murdochville,6
destrehan,6
midlantic,6
csbc,6
murtha,6
graan,6
laroche,6
tanjug,6
luckey,6
aetna,6
winley,6
cyanamid,6
tigrel,6
centerre,6
creditanstalt,6
chavin,6
scimed,6
lamborghini,6
rouen,6
gilberto,6
specialised,6
kgaa,6
lomas,6
pantherella,6
werner,6
rosenberg,6
pzl,6
stanadyne,6
kcbt,6
nationalised,6
pvdc,6
crandall,6
kadoorie,6
antibioticos,6
avge,6
quintales,6
carteret,6
kelman,6
erickson,6
takashi,6
neworld,6
unfavourable,6
kisumu,6
wfc,6
dawkins,6
tseng,6
ccl,6
prebble,6
caremark,6
avgprice,6
cheetham,6
bowater,6
euromarket,6
saleh,6
csp,6
anatolian,6
bulgaria,6
cobriza,6
ziering,6
nekoosa,6
bankeast,6
yaacobi,6
gundy,6
mozambique,6
malawi,6
tietmeyer,6
organised,6
gunnar,6
amphenol,6
wmc,6
berkey,6
barreto,6
mij,6
koizumi,6
pirie,6
heymann,6
messidor,6
gramley,6
hackmann,6
warrington,6
cochran,6
intercep,6
altron,6
hambrecht,6
botswana,6
goldendale,6
funaro,6
kaines,6
eckenfelder,6
harwood,6
hasco,6
ptt,5
gnb,5
orinoco,5
keng,5
penobscot,5
rexcom,5
rosenmuller,5
wurlitzer,5
ufcw,5
unimedia,5
tofutti,5
eaf,5
bergsten,5
chaco,5
danaher,5
pagex,5
nzier,5
mge,5
clg,5
liberia,5
rinehart,5
safco,5
welbilt,5
furman,5
wimpey,5
rci,5
walbro,5
bll,5
jamesway,5
identics,5
primerica,5
uaw,5
rtc,5
norddeutsche,5
bnr,5
modernisation,5
guangxi,5
amca,5
mickelberry,5
backwardations,5
europharmaceutical,5
mcandrews,5
intermagnetics,5
clemente,5
laurentiis,5
calmar,5
hgca,5
kirnan,5
acmex,5
torotel,5
jwc,5
avaq,5
alleghney,5
knutson,5
symtron,5
comissaria,5
valero,5
fesharaki,5
jewelmasters,5
vendex,5
sassan,5
pacificorp,5
vernell,5
mpb,5
algemene,5
cti,5
fslic,5
fairview,5
sheehy,5
matsunaga,5
vastagh,5
clausen,5
londrina,5
adnoc,5
graaf,5
coradian,5
fmc,5
killearn,5
odgers,5
snc,5
appleton,5
jacobson,5
herstatt,5
pharmacontrol,5
ameron,5
bulolo,5
macmillan,5
benetton,5
ecusta,5
nowak,5
spie,5
amts,5
winthrop,5
rrt,5
hermann,5
jewellery,5
kjell,5
biltmore,5
insituform,5
boesky,5
sime,5
wilshire,5
airco,5
enof,5
ropak,5
quixote,5
nylex,5
condon,5
verac,5
varian,5
morrell,5
capitalised,5
ivaco,5
measurex,5
mlp,5
takahashi,5
hashemi,5
yaik,5
weatherford,5
foresman,5
boart,5
taketomi,5
borman,5
hexcel,5
millimetre,5
delchamps,5
canterra,5
affinerie,5
memotec,5
gleason,5
clancy,5
mediq,5
wrightson,5
wellemeyer,5
faw,5
temperton,5
fiberglas,5
comerica,5
petrosurance,5
berne,5
asturiana,5
oshman,5
verhofstadt,5
robeson,5
antwerp,5
pex,5
gld,5
trafalgar,5
krenzler,5
willcox,5
unitel,5
knowlton,5
rigaud,5
telxon,5
bramalea,5
keizai,5
tazara,5
cronus,5
wirsbo,5
beeba,5
petrominerals,5
angola,5
domest,5
moengo,5
neyra,5
skeoch,5
kirkland,5
medtec,5
taqi,5
alden,5
selz,5
rhm,5
geoffrey,5
mki,5
wojnilower,5
industrier,5
idrocarburi,5
mcfarland,5
bloch,5
schlang,5
cbsi,5
tumaco,5
naturalite,5
northview,5
poclain,5
stuttgart,5
anova,5
iroquois,5
tanzanian,5
jcp,5
corenes,5
oslo,5
electromedics,5
jeddah,5
favourably,5
batignolles,5
nazionali,5
invacare,5
bertone,5
tricentrol,5
kline,5
yergin,5
osaka,5
ipco,5
parsow,5
edwin,5
tadashi,5
pagecorp,5
whitehall,5
oldham,5
lacklustre,5
sumner,5
vtx,5
altex,5
tricil,5
coleco,5
rpi,5
shandwick,5
tokheim,5
behaviour,5
kangyo,5
dreyer,5
hrw,5
myra,5
nutone,5
gandalf,5
mccormack,5
aice,5
kra,5
loewy,5
asbestec,5
wcas,5
saur,5
mayfair,5
sismik,5
takefman,5
wonnacott,5
ffmc,5
fecom,5
mcginley,5
petroli,5
seagram,5
glw,5
aeg,5
bayliss,5
abex,5
ucu,5
mize,5
dravo,5
gafta,5
tilden,5
lpfa,5
krung,5
barris,5
inoc,5
alsthom,5
subproducts,5
norrell,5
theatre,5
chibougamau,5
beaufort,5
liemandt,5
pettee,5
mombasa,5
iagifu,5
whampoa,5
taikoo,5
niedermeyer,5
peres,5
mcdermott,5
mcentee,5
maringa,5
bildner,5
thames,5
practises,5
wmb,5
marriott,5
quantech,5
laenderbank,5
cuevas,5
nynex,5
haltenbanken,5
dorsey,5
kock,5
gemeinwirtschaft,5
baii,5
mercalli,5
kaplan,5
skanska,5
lechin,5
banctexas,5
clbga,5
chimie,5
chrobok,5
ldc,5
cutrale,5
hesse,5
fio,5
somc,5
yeo,5
landes,5
steinhardt,5
stenholm,5
khj,5
gsa,5
cbot,5
tracomin,5
noverco,5
ergenc,4
marais,4
rotberg,4
rrco,4
tabak,4
nowruz,4
wroblewski,4
tractebel,4
monteil,4
bevis,4
griggs,4
deminex,4
mmal,4
renison,4
gaspar,4
paranam,4
greenstein,4
equalled,4
omt,4
authorises,4
yonhap,4
velayati,4
astrotech,4
mattson,4
icca,4
wyse,4
sroka,4
turgut,4
comtech,4
cantrex,4
servicemaster,4
antonson,4
batm,4
austec,4
chemetron,4
schlecht,4
wilcox,4
powercise,4
prudente,4
soyproduct,4
skb,4
premdor,4
doyon,4
carrolton,4
louw,4
corrientes,4
narr,4
hemminghaus,4
cwe,4
levine,4
interwest,4
lpx,4
envirosystems,4
tenera,4
nobuo,4
cushing,4
vogt,4
malrite,4
pancontinental,4
cypriot,4
oteiba,4
paranavai,4
krestmark,4
beckman,4
prawiro,4
geonex,4
wavehill,4
skandia,4
stvtf,4
karnosky,4
dosher,4
glj,4
ningbo,4
revco,4
altus,4
industritillbehor,4
fairfield,4
noax,4
urals,4
chimerine,4
abele,4
rowland,4
yamamoto,4
malhotra,4
bosphorus,4
catalogue,4
penril,4
fluegel,4
shelard,4
cgee,4
prv,4
kaufhof,4
bywater,4
larner,4
canam,4
eridania,4
clev,4
sonex,4
eqk,4
duvel,4
usines,4
danzar,4
foxcroft,4
yamani,4
technigen,4
simmonds,4
txl,4
midam,4
intermark,4
uab,4
mariano,4
haerri,4
sogo,4
chh,4
cmin,4
catto,4
chittagong,4
fauber,4
ansbacher,4
trecker,4
crossen,4
clifford,4
zhejiang,4
raimond,4
ausimont,4
specialises,4
votuporanga,4
ghanaian,4
industrialisation,4
traveller,4
taupo,4
turben,4
ocf,4
markheath,4
harrowsmith,4
fnb,4
imtec,4
monod,4
abm,4
masco,4
brougher,4
paraguay,4
knudsen,4
mckinley,4
autospa,4
iae,4
siebe,4
siregar,4
umuarama,4
mtx,4
millipore,4
centronics,4
wix,4
metall,4
heiwa,4
rossignol,4
rydin,4
gnn,4
bcv,4
engelhard,4
kampuchea,4
rpch,4
amortisation,4
simao,4
coloroll,4
chuquicamata,4
ambrosiano,4
kyodo,4
desoto,4
hurghada,4
goldome,4
stangeland,4
diamant,4
bavadra,4
sarlos,4
countertrading,4
generalised,4
torino,4
spectradyne,4
ventra,4
cityfed,4
nashashibi,4
billes,4
hachette,4
ttx,4
taunton,4
langley,4
boothe,4
psg,4
townson,4
leao,4
eisenberg,4
meese,4
halbert,4
gowland,4
crowe,4
utilisation,4
amtr,4
amkg,4
breslube,4
minimise,4
paice,4
greenbaum,4
elcor,4
farouk,4
augenthaler,4
msuya,4
portugues,4
takemoto,4
molpus,4
interpharm,4
webcor,4
gcn,4
unicoa,4
fsis,4
winterhalter,4
metzenbaum,4
czm,4
midamerica,4
supermac,4
pergamon,4
fuelling,4
pta,4
giovanni,4
wci,4
sierrita,4
synar,4
granma,4
natwest,4
uic,4
basix,4
genstar,4
cancelling,4
sptn,4
lucht,4
temco,4
shintaro,4
subsidised,4
ducommun,4
securitisation,4
lewiston,4
mutsuki,4
napco,4
keefe,4
nettleton,4
alpert,4
gkn,4
primagaz,4
intercon,4
namibia,4
sahlen,4
benbow,4
maclaine,4
vamgas,4
guillermo,4
pyongyang,4
nikkeiren,4
blds,4
steinberg,4
steinhaeuser,4
lusaka,4
petricioli,4
suntrust,4
yangtze,4
socanav,4
mnst,4
ppo,4
winchester,4
metromedia,4
mcgroarty,4
kerin,4
rafidain,4
cbo,4
coodination,4
bloedel,4
tultex,4
spedding,4
joske,4
careercom,4
moltke,4
iberica,4
matra,4
pryor,4
mauritius,4
carbozulia,4
hrp,4
npo,4
coebergh,4
certron,4
melcher,4
amerada,4
westdeutsche,4
statfjord,4
midivest,4
ongc,4
valtek,4
chacapalca,4
randol,4
munim,4
riyad,4
lindenberg,4
microsemi,4
numac,4
decatur,4
lornex,4
realisation,4
cmco,4
lupberger,4
agrico,4
snet,4
healy,4
brunei,4
wyly,4
gwinnett,4
hazelhoff,4
lefebvre,4
auxton,4
tyranite,4
gosper,4
travelled,4
quincy,4
haynes,4
conseco,4
glantz,4
beaumont,4
louart,4
perpich,4
schutz,4
europeesche,4
pengo,4
bramall,4
nisker,4
vontobel,4
cuellar,4
koba,4
yoot,4
fcl,4
citrosuco,4
derose,4
haruo,4
miniere,4
tagamet,4
danville,4
sabah,4
musicland,4
sirrine,4
juergen,4
josten,4
tobago,4
southwire,4
klaus,4
lpl,4
guadalco,4
walgreen,4
bootle,4
santiago,4
niskanen,4
mnd,4
mlotok,4
maciej,4
cnooc,4
paine,4
dekalb,4
lsi,4
enfield,4
uchida,4
healthsouth,4
idemitsu,4
tdk,4
tyranex,4
guiara,4
yugoslavian,4
nvhomes,4
usw,4
gerais,4
maytag,4
ranchman,4
maxxam,4
brito,4
petrolane,4
terence,4
lougee,4
dcny,4
wesson,4
csbk,4
eromanga,4
ramnath,4
wendel,4
posttax,4
dowtherm,4
pldt,4
symb,4
stowe,4
calvet,4
janos,4
ilacqua,4
providentia,4
ppn,4
ventspils,4
fuelled,4
calmon,4
paues,4
ltc,4
gormley,4
dingman,4
spectre,4
shandong,4
draugen,4
byers,4
itm,4
syndarma,4
schoufour,4
keersmaeker,4
grossman,4
flumar,4
coface,4
bruxelles,4
garfinckel,4
multivest,4
litre,4
liberalising,4
zenex,4
alloytek,4
lgl,4
qassem,4
trimac,4
carolian,4
nsm,4
rosenkranz,4
zollinger,4
dsm,4
stadelmann,4
iafmm,4
tyre,4
catanduva,4
subsidising,4
kidokoro,4
mmcs,4
grassley,4
ingemar,4
frolov,4
pmb,4
realised,4
mitek,4
kidston,4
amlc,4
eln,4
ridgeway,4
lazo,4
alfaro,4
hackl,4
corroon,4
comeau,4
cvn,4
aubrey,4
sissonville,4
newfoundland,4
starrex,4
rickels,4
duesseldorf,4
kurzweil,4
btlr,4
diceon,4
sensormatic,4
jacor,4
liebert,4
crg,4
kilometre,4
towle,4
donnelly,4
authorise,4
wardley,4
opr,4
ozal,4
pgulf,4
elmer,4
gothenburg,4
pby,4
mdt,4
natned,4
koninklijke,4
deltec,4
dusseldorf,4
mcmillan,4
usacafes,4
cvg,4
hashimoto,4
brooksville,4
baudouin,4
finalise,4
belkin,4
khartoum,4
pulcine,4
hearst,4
westar,4
ryzhkov,4
lanschot,4
oapec,4
ginnings,4
kroger,4
wartenberg,4
collander,4
powerine,4
ellmann,4
nmc,4
vismara,4
ahmanson,4
lks,4
santander,4
cycare,4
carrington,4
endaka,4
sanivan,4
gemina,4
imre,4
ldt,4
maxicare,4
penteco,4
shimbun,4
secaucus,4
wyatt,4
drummond,4
charan,4
meinert,4
versar,4
crzy,4
maximise,3
ogelbay,3
misima,3
amadeus,3
energen,3
cobre,3
erskine,3
murfreesboro,3
gty,3
dynascan,3
hly,3
okla,3
carburos,3
endevco,3
checkrobot,3
rockwood,3
piosec,3
internationalisation,3
ingersoll,3
dougherty,3
novl,3
schulmann,3
channelled,3
initialled,3
petrie,3
koichi,3
amtech,3
gami,3
baur,3
sundor,3
hmte,3
flyfaire,3
galcf,3
macyro,3
iwcc,3
mixon,3
telefonica,3
grootvlei,3
mackenzie,3
fiscales,3
kondo,3
paxar,3
neda,3
wesbanco,3
promac,3
icx,3
firstcorp,3
aeroe,3
bionomic,3
mortner,3
albertson,3
manac,3
insua,3
ketza,3
slenniken,3
kmg,3
columbian,3
nii,3
lasersonics,3
maratech,3
siedenburg,3
macao,3
unidare,3
kwp,3
yannis,3
edson,3
petroliferos,3
rban,3
oln,3
computrac,3
thaisarco,3
sfp,3
hvt,3
aschoff,3
loudon,3
nederlanden,3
alcasa,3
stearn,3
struthers,3
mobay,3
rtb,3
mdnt,3
ommeren,3
valentchits,3
kawasaki,3
dalkon,3
pagurian,3
infortext,3
patricio,3
bimp,3
eagleslair,3
deskpro,3
hemlo,3
vishay,3
terrence,3
kfw,3
roubatis,3
bwrlf,3
guayaquil,3
scepticism,3
shefra,3
dyecast,3
suleiman,3
bethmann,3
carole,3
mcas,3
polycast,3
hispanoil,3
hemsley,3
wearhouse,3
teva,3
yellowknife,3
sandvik,3
duvalier,3
lajous,3
lavera,3
rudolph,3
wessberg,3
fieldcrest,3
inmobiliaria,3
mdp,3
entrepo,3
bartlett,3
byron,3
amtorg,3
adedeji,3
shoney,3
wiederaufbau,3
minories,3
iep,3
mateo,3
oda,3
hmsb,3
sonatrach,3
bomani,3
basra,3
tsukihara,3
clt,3
morita,3
sladoje,3
khamenei,3
harahap,3
guatemalan,3
tylan,3
braddock,3
vno,3
hyman,3
habbema,3
yochum,3
achmad,3
ppw,3
mcalpine,3
rationalise,3
pza,3
hnt,3
treybig,3
mhs,3
murren,3
travelling,3
qrah,3
corynespora,3
shenzhen,3
natchez,3
swaziland,3
ldmfa,3
shulman,3
questar,3
redbook,3
strawbridge,3
helena,3
postech,3
dya,3
mckinnon,3
kleckner,3
cntrs,3
jestin,3
heilongjiang,3
mcdougall,3
marcor,3
widdrington,3
istituto,3
analytichem,3
crd,3
akers,3
mauro,3
ibj,3
duim,3
iacocca,3
frn,3
finlays,3
arne,3
frsl,3
ageing,3
kingsbridge,3
szynkarsky,3
mccrann,3
kreditanstalt,3
ploughing,3
crn,3
ucap,3
promedico,3
bsm,3
deloitte,3
ssbk,3
polysar,3
markey,3
loctite,3
cadbury,3
rubens,3
bouygues,3
doj,3
jiyun,3
esca,3
derlan,3
mcclain,3
westport,3
nfa,3
reshadat,3
bouldikian,3
enterra,3
moulding,3
fondiaria,3
ameribanc,3
bbec,3
cnp,3
kongsberg,3
carlsson,3
aldershot,3
morbelli,3
emh,3
chemfix,3
brf,3
ernst,3
ghent,3
kirschner,3
blasius,3
kaltenbacher,3
westwego,3
matabeleland,3
benedetti,3
damascus,3
cigra,3
hannes,3
panin,3
ngc,3
nawara,3
standex,3
karlsruhe,3
jiangsu,3
shoup,3
andean,3
nwp,3
dattel,3
sabine,3
chronowitz,3
naarden,3
virazole,3
lilaratne,3
modx,3
fhl,3
cistron,3
markwart,3
semiconducter,3
moulinex,3
sinclair,3
lonrho,3
coulson,3
vickers,3
oruro,3
srg,3
kpk,3
lotoquik,3
anzola,3
cdu,3
orbis,3
fdx,3
amerford,3
cch,3
citruspulp,3
callicoon,3
kerna,3
omnicom,3
pciac,3
dufour,3
clarostat,3
garofalo,3
mcminimy,3
triguna,3
nikonov,3
woodward,3
entex,3
dlj,3
sarcinelli,3
darta,3
wedgestone,3
utx,3
airlease,3
canrad,3
pansophic,3
hmx,3
fernand,3
oesterreichische,3
uniforce,3
hormel,3
mitterrand,3
denko,3
fefac,3
guzman,3
bkn,3
tbg,3
beutel,3
waf,3
husain,3
dataproducts,3
wco,3
atoka,3
camdessus,3
osborne,3
svz,3
gevaert,3
teeco,3
mcfadden,3
measor,3
svenska,3
qltv,3
kouame,3
ruiz,3
shex,3
rober,3
metalicos,3
ryavec,3
hollis,3
kellwood,3
inp,3
wertheim,3
fukukawa,3
kuhlmann,3
bdm,3
ctbc,3
zaki,3
vestar,3
mackay,3
arnox,3
kmw,3
ipecode,3
kaohsiung,3
seguel,3
datr,3
instrumentarium,3
mould,3
textron,3
susumu,3
jpn,3
minguzzi,3
piw,3
nicolas,3
stringfellow,3
templeton,3
tisch,3
hwwa,3
thassos,3
nelissen,3
fathi,3
kembla,3
arifin,3
bergen,3
glendale,3
whipple,3
chatsworth,3
dyneer,3
leuzzi,3
chitambala,3
ernesto,3
mcadoo,3
krapels,3
haskins,3
syeduzzaman,3
volkskas,3
unterberg,3
fwb,3
recognises,3
tonen,3
simsa,3
humphrey,3
azpur,3
lamson,3
bunge,3
mahbubul,3
saft,3
moorhead,3
waccamaw,3
greenwell,3
mdxr,3
yamaichi,3
azuma,3
mapara,3
schenker,3
cashways,3
ardeshir,3
dhr,3
wardair,3
zhao,3
fnsea,3
isuzu,3
pbt,3
prsl,3
geoffrion,3
shawmut,3
ecuadorian,3
sportscene,3
kritchevsky,3
noblee,3
yanbu,3
axworthy,3
rugeroni,3
erbamont,3
confidata,3
dso,3
spadine,3
acst,3
amvestors,3
mepc,3
mck,3
gramm,3
solmecs,3
fhlmc,3
gustafson,3
huges,3
bogen,3
renato,3
smolinski,3
bwb,3
bumpei,3
ritterbusch,3
matsushita,3
abdullah,3
phbk,3
tcw,3
ammar,3
wilfred,3
bii,3
kaakebeen,3
ambac,3
melzer,3
cke,3
cindasa,3
donegal,3
plt,3
solita,3
wkr,3
aerojet,3
schaik,3
towbin,3
noboru,3
feretti,3
amfac,3
nainggolan,3
glidden,3
dillon,3
centromin,3
yearley,3
equicor,3
ypf,3
pershing,3
cypm,3
docemarte,3
abz,3
gghf,3
elgin,3
trintoc,3
ebinger,3
sonat,3
nikolai,3
celina,3
cirex,3
baltek,3
henze,3
ricart,3
geelong,3
novar,3
gnva,3
mckiernan,3
msa,3
ivey,3
trimedyne,3
whitten,3
rozich,3
geronimus,3
bruyn,3
almi,3
durkin,3
nimocks,3
salek,3
telefon,3
sunmeal,3
salzgitter,3
sergeyev,3
rsla,3
galileo,3
utvegsbanki,3
kertosastro,3
eschborn,3
applebaum,3
kinross,3
resende,3
nagano,3
animed,3
servotronics,3
castone,3
sinai,3
hca,3
oeien,3
burpee,3
blaylock,3
schmahl,3
wcs,3
cambior,3
doresy,3
polyphenyl,3
fcbn,3
hainan,3
junichiro,3
petsos,3
vlans,3
raytech,3
reuss,3
madigan,3
twt,3
houssels,3
aguarico,3
juha,3
mccall,3
orley,3
atchison,3
figuerras,3
gidel,3
lummus,3
anixter,3
schweppes,3
vrn,3
technodyne,3
mdr,3
mnes,3
rustenburg,3
nucell,3
texon,3
asahi,3
hepworth,3
petromont,3
landon,3
poy,3
botchwey,3
pzena,3
lowrance,3
vaskevitch,3
elsinore,3
bryn,3
leeuwen,3
oecf,3
clearview,3
gfc,3
shaer,3
hapag,3
hiroshi,3
rric,3
doumeng,3
glamis,3
industri,3
wtdi,3
girardin,3
cbtb,3
geipel,3
onomichi,3
belge,3
conant,3
rubbertech,3
crosbie,3
avaj,3
potomac,3
florjancic,3
spiridellis,3
zuccherifici,3
dubin,3
favouring,3
simonsen,3
greenshields,3
kenosha,3
deka,3
laurence,3
trb,3
hri,3
dco,3
guerard,3
licia,3
summitville,3
ballan,3
cormier,3
rxh,3
eldr,3
strathcona,3
shoichi,3
possis,3
oseberg,3
intelsa,3
sfsp,3
fds,3
heinrich,3
rabobank,3
jukardi,3
privee,3
eprom,3
itx,3
calmark,3
mmct,3
arkadi,3
nusource,3
gralewicz,3
rachmat,3
loynes,3
culp,3
aequitron,3
politoff,3
fww,3
comtec,3
sdc,3
jiangxi,3
hirozumi,3
mitsy,3
godfrey,3
reviglio,3
dlx,3
pgrt,3
toyobo,3
kebo,3
specialising,3
smit,3
panganiban,3
frdm,3
myfra,3
kinnear,3
panoche,3
zorinsky,3
yoweri,3
giles,3
stanely,3
phyllis,3
pathmark,3
zealander,3
microtel,3
quevedo,3
syngold,3
metrobanc,3
styx,3
kio,3
clements,3
astoria,3
kaputin,3
bsh,3
stillmann,3
sico,3
nza,3
porla,3
nicosia,3
olsn,3
cger,3
chatwal,3
dbp,3
kpa,3
harleysville,3
piza,3
fci,3
firb,3
novatronics,3
cajamarquilla,3
belzberg,3
toufexis,3
rambaud,3
vaal,3
cavaco,3
yacimientos,3
akiman,3
mcic,3
eshleman,3
clny,3
chesapeake,3
vak,3
afbf,3
vtrs,3
csis,3
malmgreen,3
txc,3
ludwigshafen,3
bashaw,3
acico,3
hardart,3
simex,3
mizrahi,3
paemen,3
mnrcy,3
vries,3
pennwalt,3
pcri,3
efp,3
gilbey,3
stahl,3
belgique,3
kennecott,3
conade,3
lutterbach,3
petroleo,3
vranitzky,3
fcsi,3
goldsil,3
cofab,3
ganapin,3
ffb,3
albras,3
grumman,3
videotron,3
kjeldsen,3
sobeys,3
ntk,3
henrique,3
trenton,3
tesfay,3
fasb,3
lesley,3
ghiringhelli,3
roffman,3
shiratori,3
gradin,3
minntech,3
beranek,3
sabena,3
talbot,3
boakes,3
muldoon,3
scripps,3
maude,3
garlem,3
teles,3
ansy,3
gevirtz,3
franz,3
millen,3
notel,3
sle,3
engering,3
sahres,3
andes,3
sebro,3
shanxi,3
sunnyvale,3
lorenzo,3
hunan,3
arnott,3
malagasy,3
falconbridge,3
frenzel,3
whippany,3
hnz,3
exley,3
liedtke,3
westmin,3
samudio,3
napo,3
kingsport,3
cda,3
hine,3
abrassuco,3
omcm,3
nbb,3
krutikhin,3
roldan,3
jacoby,3
alws,3
tocom,3
dynalectron,3
algoma,3
gmp,3
basle,3
jpi,3
dilson,3
toshin,3
wisenbaker,3
lacombe,3
amatil,3
stavanger,2
goerdeler,2
smsi,2
needham,2
haubourdin,2
esb,2
guinean,2
tecd,2
tachonics,2
synalloy,2
abilene,2
nbd,2
jamesport,2
dolr,2
tomaque,2
repesenting,2
tridel,2
europoort,2
deerfield,2
fdo,2
monsooned,2
csac,2
jinja,2
cfmi,2
mainichi,2
caspian,2
leroux,2
mhp,2
kiernan,2
stritch,2
mrcs,2
subsidises,2
gemini,2
kredietbank,2
mager,2
mclennan,2
silvertown,2
vido,2
pfbs,2
torchmark,2
cdin,2
painwebber,2
societa,2
igl,2
ponta,2
americanture,2
skps,2
samaila,2
cfas,2
grenada,2
atfc,2
clive,2
caicos,2
alimullah,2
flavour,2
repubblica,2
lampe,2
sudanese,2
parf,2
barschel,2
petcord,2
mccl,2
gelch,2
santi,2
fpl,2
ceradyne,2
sunlaw,2
excahnge,2
nicol,2
taher,2
shg,2
seibel,2
tmg,2
ascensao,2
iggi,2
leixoes,2
loews,2
diht,2
mgre,2
perrin,2
shareholdrs,2
creb,2
febc,2
usfsp,2
hutchins,2
kasl,2
hdpe,2
frp,2
enviropact,2
datagene,2
seag,2
sww,2
goldstein,2
sterilised,2
juvena,2
reichold,2
desjardins,2
gosplan,2
uap,2
pacificare,2
fiama,2
petrofina,2
mlxx,2
rockport,2
frostex,2
pvy,2
ayala,2
genentech,2
moura,2
kotowski,2
drysdale,2
heatley,2
ibl,2
houtte,2
egon,2
cravo,2
blc,2
forvaltnings,2
aweke,2
maxtec,2
ldbc,2
minatome,2
cornglutenfeed,2
permaline,2
bhw,2
dutues,2
thorensen,2
gyllenhammar,2
levesque,2
orinoko,2
etn,2
sdi,2
smorada,2
dominick,2
rakhsh,2
towe,2
hankes,2
bethesda,2
shibiao,2
ficr,2
tdd,2
woolowrth,2
rentco,2
lachapelle,2
figarella,2
firstier,2
uncf,2
sovr,2
sqb,2
unsmoothed,2
electrohome,2
svizzera,2
redoglia,2
amgd,2
semegran,2
millard,2
sekiyu,2
brookings,2
destabilisation,2
wolffe,2
cyclop,2
fshg,2
waterwhite,2
malayan,2
gulfstream,2
dataserv,2
heinold,2
qslt,2
unqtd,2
wharton,2
josef,2
characterised,2
oamcaf,2
qpl,2
kemper,2
rlifa,2
cashin,2
talman,2
brabazon,2
ptmi,2
toussie,2
onwed,2
pontas,2
wilfried,2
tartous,2
genovese,2
feinberg,2
apirl,2
jpc,2
eralp,2
filmpartners,2
chfd,2
avgpric,2
pendleton,2
woodville,2
bsv,2
hassenberg,2
cpls,2
abastecimento,2
cny,2
launer,2
salvino,2
qtlry,2
peckford,2
bigi,2
metcap,2
grubman,2
tnz,2
shopwell,2
meares,2
tranzonic,2
ivac,2
berckmans,2
namg,2
saleable,2
enex,2
nlcs,2
osp,2
ravenna,2
ichan,2
aviv,2
bretz,2
hssi,2
rhd,2
svm,2
liptons,2
kinark,2
uiie,2
koren,2
microdyne,2
phab,2
sttx,2
protocomdevices,2
infg,2
quartrer,2
haruya,2
connery,2
ffcop,2
oswald,2
myr,2
wysoglad,2
ruxpin,2
pfister,2
trigon,2
cogeco,2
smg,2
kaysersberg,2
mxm,2
vogel,2
rosendale,2
fadhil,2
woburn,2
cablesystems,2
shortfull,2
sjt,2
guaxupe,2
nesi,2
febraury,2
tomas,2
mcculley,2
blampied,2
valery,2
lombardo,2
pco,2
lpp,2
figueiredo,2
wfpr,2
startel,2
khoo,2
alcc,2
kwvt,2
baluch,2
qchr,2
pieter,2
foulkes,2
westamerica,2
mediterranee,2
ecofuel,2
vcs,2
envases,2
lichtenstein,2
duenas,2
unrealised,2
fcr,2
schoenheimer,2
nabors,2
kasler,2
sumatran,2
nqrlf,2
troutdale,2
ignasio,2
elkes,2
farren,2
cheque,2
ucc,2
goncalves,2
hinrichs,2
uil,2
hutmann,2
kopparbergs,2
crtr,2
algonquin,2
vanderbilt,2
guillonneau,2
peltz,2
jnj,2
tsvetmetpromexport,2
charmglow,2
nhan,2
carmark,2
dgic,2
longuet,2
ramly,2
heinl,2
materialise,2
gmb,2
oates,2
perigot,2
agnc,2
hurdman,2
greenock,2
flonetics,2
transwestern,2
pentron,2
gmed,2
arvid,2
cgic,2
silvia,2
cmca,2
brasileiro,2
habibie,2
hengst,2
crisanti,2
addison,2
yuear,2
waldbaum,2
revnues,2
brnf,2
hzb,2
karcher,2
siaf,2
tcb,2
cea,2
bushnell,2
donegan,2
dowa,2
joensson,2
knorr,2
acmb,2
nazmi,2
wendt,2
garn,2
cni,2
cetec,2
klaipeda,2
mtcc,2
hnat,2
mcauliffe,2
lifi,2
asec,2
heldring,2
sndcf,2
merieux,2
garcin,2
cec,2
incorp,2
gactz,2
unfr,2
seaga,2
hikmat,2
prorationing,2
forsakrings,2
mosar,2
rifa,2
intrawest,2
iringa,2
zverev,2
cordesman,2
sedio,2
sepember,2
penhale,2
bkne,2
atomika,2
alx,2
reichert,2
fawc,2
wallco,2
vanasek,2
gilgore,2
ncel,2
teran,2
txn,2
grandview,2
sallie,2
ingalls,2
trilon,2
nbi,2
sni,2
masbate,2
lundberg,2
pgai,2
dietz,2
constantin,2
hojatoleslam,2
tsng,2
murilo,2
tpn,2
avfc,2
dnlaf,2
southtrust,2
fricke,2
dunbar,2
svt,2
cwc,2
marketech,2
seeq,2
vons,2
pennock,2
tradevest,2
drummonds,2
yaounde,2
jawa,2
wanb,2
vongarlem,2
domenici,2
transvaal,2
mawson,2
braceras,2
elmd,2
kullberg,2
haffenden,2
armen,2
redzuan,2
lobbyst,2
daewoo,2
majed,2
nakamura,2
ynk,2
takeshita,2
montary,2
abegglen,2
gotoda,2
avondale,2
lner,2
nolex,2
natioonal,2
progas,2
abx,2
rlc,2
haslam,2
technicon,2
datel,2
digimed,2
gerasimov,2
boc,2
guven,2
pltzc,2
lamont,2
mereenie,2
agrianalysis,2
britton,2
euromark,2
cln,2
kren,2
christophe,2
cuurent,2
purusant,2
antiulcer,2
interlake,2
equitorial,2
hurtado,2
masaharu,2
sharesd,2
secertary,2
taxwriter,2
smartnames,2
shas,2
matsuya,2
friedrich,2
qinghai,2
acle,2
plns,2
mochizuki,2
bessemer,2
toho,2
ault,2
deilmann,2
serre,2
travenol,2
minero,2
attleboro,2
meditrust,2
ffom,2
ginn,2
takeuchi,2
dennison,2
sisb,2
macomson,2
rachman,2
nher,2
reade,2
kpmg,2
barend,2
zond,2
macquarie,2
zoran,2
polyphenyls,2
ullman,2
bourdain,2
syncor,2
slifka,2
waree,2
pohl,2
swaminathan,2
custer,2
lyell,2
elbe,2
fulwider,2
dorn,2
vmlpz,2
seguin,2
yukuo,2
smithsonian,2
resler,2
fbh,2
spika,2
pns,2
rmuc,2
uehara,2
ruger,2
moomba,2
flbk,2
neeser,2
acrt,2
cpsa,2
strohmeyer,2
atlantico,2
haefner,2
pequiven,2
rosehaugh,2
castonguay,2
ekonomicheskaya,2
nzfe,2
uscb,2
hallamore,2
tvt,2
gbylf,2
pclb,2
mosle,2
bbnk,2
tsomu,2
fothergill,2
reckitt,2
lindberg,2
villiers,2
baath,2
rexnard,2
morondava,2
rog,2
chivuno,2
eastover,2
guayana,2
snsr,2
rsi,2
tka,2
cambist,2
sulzer,2
tehtaat,2
hideo,2
grl,2
tnd,2
oporto,2
txu,2
ecop,2
handelsblad,2
aceh,2
astrocom,2
foncier,2
gsu,2
mccaughey,2
atcma,2
caputo,2
diversifed,2
nrc,2
mkc,2
guilbaud,2
vetx,2
xrx,2
raision,2
klynveld,2
lnf,2
maffei,2
sbo,2
feburary,2
chke,2
aluvic,2
wro,2
balfour,2
henrion,2
kaczurba,2
industriale,2
deltona,2
palmkernel,2
rubaishi,2
montauk,2
pcro,2
grx,2
swl,2
triplett,2
reimpell,2
medchem,2
hirabayashi,2
valt,2
acig,2
stabilises,2
giscard,2
sedren,2
chilton,2
cmnt,2
morr,2
buenaventura,2
mntl,2
ovest,2
crdn,2
authorising,2
carroon,2
energas,2
eavkf,2
aslambeck,2
wainco,2
waferboard,2
ukasta,2
ferrado,2
triquint,2
aep,2
bracho,2
knuettel,2
gabes,2
jiji,2
ntrs,2
opecna,2
vienot,2
rdr,2
krezmar,2
hermetronics,2
caesium,2
nederlandse,2
pontins,2
fdb,2
southfield,2
margx,2
calabria,2
cmtl,2
thayer,2
australasian,2
motech,2
tbn,2
duggan,2
jumardi,2
krugerrand,2
allergan,2
schroeder,2
anitec,2
janatha,2
ifg,2
empi,2
woodbridge,2
mcr,2
fmo,2
mcclure,2
teape,2
bunu,2
solters,2
unzan,2
stopout,2
ivanov,2
comanav,2
eyton,2
icg,2
bergslags,2
wehler,2
brandman,2
scti,2
malaba,2
forstman,2
duisenberg,2
marcove,2
bfdb,2
yala,2
gennady,2
icas,2
armonk,2
canty,2
spiralled,2
murgold,2
safecard,2
lousiana,2
megavest,2
extinquishment,2
sympathise,2
avco,2
wallingford,2
cii,2
ralston,2
sjw,2
beckett,2
saboya,2
reliacare,2
closng,2
hipt,2
pramual,2
strw,2
maxcom,2
chacin,2
gurnee,2
zolotukhin,2
hayashi,2
ogden,2
bvi,2
mmeting,2
ngx,2
algiers,2
brly,2
seelig,2
ceylon,2
nicho,2
barakat,2
mgl,2
bopa,2
fortier,2
kndr,2
qbio,2
diamazon,2
vmtgz,2
kurlack,2
industires,2
wbms,2
narusawa,2
branco,2
orcl,2
betz,2
wyona,2
odessa,2
tbcx,2
platt,2
bucharest,2
bbf,2
biomet,2
leix,2
plainwell,2
merx,2
wmk,2
kawakami,2
vlsi,2
oilfied,2
nhmo,2
mangood,2
qtow,2
laservideo,2
ceuta,2
voplex,2
tianjin,2
ampex,2
luverne,2
kurm,2
milex,2
esy,2
emphasise,2
archibold,2
sodbuster,2
airmotive,2
cfix,2
vira,2
leong,2
tnl,2
obolensky,2
genossenschaftbank,2
waterhouse,2
dobbs,2
bsl,2
fcy,2
verft,2
honoured,2
sesostris,2
rwanda,2
gfi,2
hokanson,2
ctco,2
norex,2
hirohito,2
butterwick,2
aec,2
papierfabrieken,2
glgvf,2
gti,2
gaeo,2
nonthapanthawat,2
nixdorf,2
ivlev,2
mykon,2
enercon,2
kpi,2
mpro,2
rashadat,2
schrader,2
adler,2
bsii,2
tdri,2
alain,2
madeco,2
bhagat,2
contac,2
gilliam,2
repal,2
jeopardises,2
imasco,2
sfe,2
necochea,2
hfl,2
bkb,2
dapn,2
mtml,2
xovr,2
lichter,2
ahlsell,2
jinfeng,2
inspeech,2
qpon,2
hurriyet,2
premadasa,2
ckl,2
scicom,2
idsal,2
efps,2
emr,2
organising,2
guardman,2
winnebago,2
mclaughlin,2
enapal,2
ultrasystems,2
busan,2
abp,2
amswa,2
lome,2
mcrae,2
calumet,2
englebright,2
lautoka,2
maracaibo,2
donalda,2
texsun,2
bild,2
monmouth,2
raycomm,2
dominguez,2
rigolleau,2
swb,2
shabwa,2
pohang,2
mitsuru,2
adp,2
miraflores,2
prauge,2
acquisittion,2
fnlt,2
beih,2
stanwell,2
turco,2
usbc,2
maremont,2
kaufel,2
marcxh,2
milford,2
oshm,2
wirebar,2
vicon,2
jeopardised,2
schlick,2
maximises,2
pdm,2
btci,2
chapmann,2
mikulic,2
attaka,2
rubibira,2
greenwich,2
ckb,2
immingham,2
sheldon,2
irvam,2
delaval,2
issam,2
tulis,2
bannon,2
equador,2
melicias,2
eiaj,2
dyhm,2
guenther,2
nowicki,2
nodaway,2
pfaudler,2
uhco,2
nvh,2
halliburton,2
pso,2
elrc,2
willms,2
levelled,2
amre,2
espanola,2
alton,2
bronstein,2
uam,2
linz,2
fremantle,2
welb,2
centraal,2
elkins,2
cenepa,2
winningham,2
jaafar,2
eischen,2
ccic,2
suhud,2
richco,2
ricostruzione,2
wtrk,2
antar,2
swk,2
exludes,2
hmy,2
tragets,2
understandng,2
keyc,2
smls,2
rri,2
ctws,2
sfem,2
brk,2
gulfex,2
bluefield,2
obrinsky,2
mcneil,2
stanline,2
spalvins,2
contenplated,2
aranibar,2
lasalle,2
navon,2
omnilab,2
samedan,2
malaya,2
teletrak,2
fwc,2
giuliani,2
welbac,2
mrn,2
brody,2
weisfield,2
hrl,2
dezuka,2
gloeilampenfabrieken,2
aslaminas,2
penalise,2
ctsd,2
sholes,2
dvfa,2
invitron,2
hartley,2
gisela,2
cthl,2
lipper,2
fnf,2
lammers,2
sejerstad,2
rcpts,2
pocono,2
rohm,2
munford,2
jaffna,2
chamorro,2
herculaneum,2
recrod,2
ugo,2
penwest,2
sulphuric,2
higashi,2
stearine,2
rinaldo,2
bnls,2
automedix,2
raybestos,2
pazzianotto,2
rini,2
zoladex,2
paccar,2
mcry,2
properites,2
zulia,2
odc,2
txa,2
suject,2
tsys,2
nyn,2
uniroyal,2
fulfilment,2
rentcorp,2
rabuka,2
gmhc,2
verdal,2
yamoussoukro,2
ksf,2
drls,2
yfed,2
bankiers,2
cera,2
pnf,2
cidn,2
wesco,2
biod,2
holleb,2
ageements,2
leavitt,2
rhnb,2
hoenemeyer,2
nauman,2
tradestar,2
mckee,2
cabot,2
humberside,2
sergey,2
primebank,2
lavan,2
eastpark,2
whisky,2
ffbv,2
lichtenberger,2
chinkuli,2
kingstown,2
hemingway,2
unsolicitied,2
muskogee,2
tpsi,2
mitsotakis,2
sparanlagen,2
distrigaz,2
houlder,2
arguello,2
mlnm,2
mccrk,2
technoexport,2
branitzki,2
safveans,2
janney,2
augar,2
triweb,2
melville,2
medfirst,2
atekf,2
igene,2
adourn,2
ecl,2
inelectra,2
moniterm,2
wfsl,2
nearbys,2
lufeng,2
muggia,2
iomg,2
ingvar,2
ncso,2
doskocil,2
aturo,2
investmento,2
rockville,2
cuo,2
bailly,2
joao,2
colman,2
marmara,2
waltham,2
nahl,2
gca,2
tarxien,2
beaubien,2
duriron,2
voytko,2
hollister,2
conex,2
uvr,2
digicon,2
uls,2
broussard,2
technitrol,2
pubo,2
suiker,2
synthetech,2
pressurise,2
tannurah,2
jouhin,2
vdc,2
biogen,2
mcgrath,2
willa,2
canion,2
bakr,2
copley,2
margaux,2
ekr,2
unip,2
vermoegensbildung,2
mye,2
dwws,2
jnsv,2
theodor,2
genencor,2
gullfaks,2
yalim,2
abdelaziz,2
enafer,2
onex,2
alberston,2
vernells,2
nicel,2
counsellor,2
popularising,2
aomi,2
cmcl,2
jwp,2
sayst,2
ctme,2
hlme,2
celltronics,2
mnft,2
transcapital,2
poul,2
buckhannon,2
nfg,2
echolab,2
baybanks,2
reinosa,2
murchison,2
buechler,2
akio,2
equa,2
cge,2
ctl,2
labelled,2
onpraise,2
pecn,2
sandi,2
mcchip,2
planbureau,2
danworth,2
cjn,2
nemours,2
mpdi,2
gnt,2
adx,2
plexman,2
qant,2
levelling,2
omnis,2
kogyo,2
gtos,2
favourite,2
tosco,2
sng,2
compton,2
phlcorp,2
korkman,2
rdgc,2
lacina,2
dci,2
knmc,2
bced,2
paramaribo,2
aqtn,2
kly,2
reeserves,2
neuman,2
oelmuehle,2
wolfgang,2
belkacem,2
hpsc,2
rlm,2
demarkus,2
utilised,2
aquitaine,2
latta,2
capitive,2
bnbga,2
nrm,2
durakon,2
whinney,2
vsevolod,2
pscx,2
vornado,2
oec,2
remodelling,2
gotoh,2
ccn,2
bayly,2
macedon,2
bernardino,2
helle,2
lesotho,2
ajusted,2
sdn,2
novacor,2
alcad,2
mobiliere,2
dorgan,2
sunstates,2
canron,2
azusa,2
montedision,2
bpii,2
avp,2
horowitz,2
oneok,2
spiralling,2
nsb,2
atrc,2
eic,2
nordson,2
mckibbin,2
imat,2
sutliff,2
gll,2
youngstown,2
ivcr,2
fwes,2
transkei,2
mcdy,2
iaco,2
coooperate,2
paralyse,2
cpic,2
snamprogetti,2
amertek,2
valhall,2
metallverken,2
pkd,2
gaughan,2
pachapidiana,2
neic,2
nesbitt,2
datagraph,2
sulbath,2
ronnskar,2
pyne,2
remsperger,2
stichler,2
kotc,2
mercantil,2
cilluffo,2
knoell,2
fmd,2
noil,2
lothar,2
sebree,2
internationalise,2
novr,2
capb,2
efac,2
sylla,2
jamail,2
wilzig,2
koethers,2
vlccs,2
nfu,2
winchell,2
acknowledgement,2
staubli,2
clarendon,2
caucasus,2
clarence,2
subba,2
rabt,2
bowne,2
frtr,2
makumbi,2
saarbruecken,2
insele,2
jmy,2
brunthaver,2
honan,2
medicontrol,2
tedi,2
purina,2
isam,2
hatfield,2
gldc,2
burnside,2
metz,2
centrabank,2
contigencies,2
hsld,2
alvaro,2
citybank,2
goedf,2
hlm,2
inma,2
mcleod,2
statil,2
telc,2
nissei,2
beatty,2
boltz,2
kiuchi,2
reorganise,2
accountemps,2
cameroun,2
gammara,2
latorre,2
mrt,2
tagaris,2
joaquin,2
fta,2
tamborapa,2
dinkov,2
greenblatt,2
europeiska,2
plambeck,2
clothestime,2
onno,2
mcginness,2
alg,2
toyko,2
anp,2
arlan,2
woolco,2
thl,2
trmw,2
nuclad,2
westfield,2
barents,2
corportation,2
atwell,2
pii,2
hsla,2
gantos,2
tfit,2
dalian,2
woodco,2
tilney,2
braatz,2
skii,2
npn,2
infe,2
cnpc,2
systemone,2
fssl,2
hiap,2
rcp,2
portuguse,2
herley,2
fhsy,2
vlo,2
schuler,2
tlam,2
hubei,2
publicker,2
yunnan,2
abidjan,2
saudia,2
reventador,2
cavanaugh,2
darrell,2
valorem,2
nicolls,2
realises,2
datarex,2
coceral,2
fixman,2
intergold,2
nioc,2
waseda,2
fhr,2
siaahan,2
gebrueder,2
weintraub,2
fld,2
plough,2
gosagroprom,2
guasare,2
dedham,2
npco,2
timex,2
mackoff,2
ustr,2
denys,2
hde,2
sendi,2
batiment,2
cayacq,2
gottardo,2
weissman,2
lcb,2
pmsi,2
belgolux,2
ademco,2
frfe,2
heidweiler,2
baer,2
photronics,2
welltech,2
hlt,2
birdair,2
denaturable,2
tetsuo,2
antc,2
joliet,2
ksu,2
bahian,2
buchbinder,2
hsn,2
cahit,2
cmph,2
swhi,2
sidor,2
nichemen,2
crns,2
bremen,2
emcf,2
upco,2
siebel,2
bjoern,2
gnr,2
hangzhou,2
volusia,2
natsuo,2
rbk,2
gruen,2
wereng,2
schweizerhalle,2
anglia,2
underutilised,2
papuan,2
cereais,2
cleopa,2
immucor,2
riverhead,2
tandler,2
evanston,2
lybrand,2
grph,2
avx,2
halvorsen,2
hamley,2
beshir,2
cupertino,2
jnauary,2
abdulaziz,2
goc,2
ctyn,2
xib,2
hmoa,2
perini,2
nvid,2
hanbury,2
alberto,2
rni,2
birney,2
tilbury,2
muramatsu,2
macluan,2
harsco,2
nipsco,2
fip,2
mtech,2
diversitech,2
rasmussen,2
fedf,1
carboxylated,1
dii,1
fronape,1
vallen,1
stabalizing,1
petrochemcial,1
oldr,1
buyt,1
hboc,1
chaiviratana,1
ortega,1
ferrominera,1
maremond,1
leopoldo,1
sociedade,1
mellili,1
sendai,1
fretter,1
pcar,1
polyethelyne,1
essilor,1
tcc,1
harg,1
chiluba,1
satisify,1
redkin,1
cnlg,1
sitivene,1
trydahl,1
businessland,1
wpl,1
dlruntied,1
ericksen,1
preoducts,1
warplnes,1
tidende,1
quirico,1
skbs,1
hangyang,1
drch,1
tindemans,1
polmar,1
parsippany,1
peidmont,1
trygve,1
mhco,1
endata,1
ratchasima,1
cobanco,1
btv,1
panelling,1
banmiller,1
belvieu,1
nra,1
wsau,1
shumway,1
irwn,1
sandustry,1
hsrc,1
extraordianry,1
dyncorp,1
cotting,1
valn,1
steinkuehler,1
refelected,1
moduline,1
cowan,1
muenchmeyer,1
huai,1
tropp,1
novc,1
pritzkers,1
netw,1
heimdal,1
westinghouns,1
scheetz,1
analysing,1
tandil,1
contrans,1
wnx,1
reinbursement,1
siromelt,1
denbentures,1
kasier,1
ecoa,1
overmyer,1
sahud,1
kearney,1
jsbk,1
concac,1
richarson,1
aix,1
salado,1
cstk,1
cffs,1
volatily,1
hediard,1
composit,1
byp,1
aclv,1
thasos,1
mlln,1
hso,1
monopolised,1
poplarville,1
gemcraft,1
australes,1
tmci,1
slhc,1
fereidun,1
aii,1
atlantia,1
hcc,1
anjalankoski,1
otfe,1
kemc,1
irvin,1
mehdi,1
gorw,1
celgar,1
mayban,1
fengbang,1
normalisation,1
luiz,1
ramapo,1
serva,1
nynas,1
avtr,1
aloette,1
coquille,1
lbas,1
gonaives,1
isco,1
humphreys,1
jstn,1
eja,1
moliver,1
sasco,1
cdcra,1
diantronics,1
mrdn,1
sbos,1
definitie,1
viro,1
wern,1
schl,1
mntx,1
hurco,1
smf,1
zdzislaw,1
carme,1
hpoc,1
uvc,1
kleinert,1
respecivtely,1
colquiri,1
qrtz,1
intermetco,1
mccrae,1
natiionale,1
elyria,1
ouvriere,1
ayal,1
servicies,1
bulcan,1
sievers,1
troutman,1
brenco,1
solchaga,1
lisle,1
palito,1
harlan,1
dvl,1
biw,1
vamand,1
fropm,1
ferrotherm,1
unchangd,1
venezulean,1
overrall,1
ltx,1
larsson,1
ahtes,1
juenger,1
hnh,1
nbl,1
rsic,1
morrill,1
isc,1
jpac,1
kunz,1
wellsville,1
dpec,1
wigglesworth,1
bkfr,1
fidelilty,1
wessels,1
comterm,1
machakos,1
goldstrike,1
foodarama,1
passo,1
grossa,1
thdr,1
xijang,1
neryungrinsky,1
onverdacht,1
trls,1
iniezione,1
gccc,1
obci,1
restrcitions,1
hmmwv,1
dtc,1
mtrm,1
blii,1
larosiere,1
registraions,1
mimran,1
intf,1
inteest,1
operationgs,1
solds,1
scixf,1
emcor,1
ulrich,1
dibk,1
vci,1
humphries,1
sasser,1
acf,1
insititute,1
expensise,1
questech,1
fondkommission,1
geurin,1
waxm,1
henson,1
disussing,1
gippsland,1
cabre,1
alrn,1
schreyer,1
grb,1
govette,1
telphoniques,1
pnl,1
strackbein,1
oxoco,1
interuterine,1
utr,1
refaat,1
obod,1
lacana,1
blv,1
acom,1
epicentre,1
dlrsm,1
yokohama,1
alois,1
cfi,1
robertshaw,1
solitron,1
rhi,1
cambiste,1
nucm,1
jayark,1
tonens,1
clandosan,1
defnitive,1
indidate,1
propsective,1
ctec,1
partnners,1
trasaction,1
mayf,1
allmacher,1
beba,1
martkets,1
scis,1
fentress,1
warenhandelsgesellschaft,1
escondida,1
parmed,1
duisburg,1
absotluely,1
nonsubsidiary,1
nucor,1
stebbins,1
bergeron,1
ziegler,1
lrt,1
pcqt,1
bbca,1
regulatroy,1
guilermno,1
teviy,1
jeoffrey,1
wbi,1
westhem,1
unindentified,1
sooon,1
dgn,1
wiating,1
physik,1
varlen,1
paluszek,1
kirinyaga,1
sparkassen,1
gendis,1
meagre,1
falcf,1
hudong,1
arbroath,1
smbs,1
hongshan,1
macomb,1
trno,1
boliviano,1
mxtr,1
mdch,1
prersident,1
datametrics,1
goodall,1
burgan,1
holgates,1
rayner,1
heagerty,1
ndac,1
grutman,1
alfieri,1
primiary,1
rcbi,1
dclared,1
gsoline,1
commtron,1
cavh,1
pcg,1
manoeuvred,1
trariffs,1
lpep,1
maatschappij,1
btp,1
luso,1
wachenheim,1
washoe,1
usag,1
accion,1
lifs,1
automoviles,1
richton,1
knokke,1
writdown,1
texitle,1
pnv,1
leblanc,1
sgp,1
tissot,1
hasr,1
singhasaneh,1
shrontz,1
independece,1
ortheast,1
wstna,1
elizabethtown,1
bucci,1
bhamy,1
bundey,1
mpls,1
willamette,1
clmi,1
telecredit,1
tvi,1
olle,1
ebright,1
raffineries,1
ndta,1
wsoa,1
lomk,1
fosfa,1
eberstadt,1
frampton,1
catarina,1
penw,1
enetrprises,1
guld,1
cinc,1
metalurgicos,1
tuccillo,1
fbx,1
augusto,1
reichmanns,1
nrd,1
kubota,1
proessing,1
nonearning,1
mairinque,1
nikolay,1
zhongji,1
fueer,1
penang,1
reynold,1
seeco,1
azores,1
nielsen,1
karasawa,1
mutchie,1
processiing,1
thunholm,1
soares,1
rhys,1
increaes,1
bavaria,1
currey,1
buehler,1
woodinville,1
roelof,1
sdhares,1
northermost,1
colc,1
stus,1
trademarkets,1
yorkton,1
camillo,1
siamwalla,1
cirigliano,1
mtbc,1
takever,1
hsai,1
yeterray,1
wenesday,1
wsn,1
nlc,1
dannemeyer,1
hamind,1
xinjiang,1
steinfeld,1
udagawa,1
acuires,1
passero,1
danida,1
stas,1
dgtc,1
exaias,1
illubabor,1
sotr,1
majv,1
qth,1
jeffery,1
strathfield,1
submachineguns,1
nakajima,1
pallas,1
extraordainy,1
ufurf,1
beteiligungsgesellschaft,1
toolachee,1
lazaro,1
roseville,1
emphasising,1
tnv,1
dade,1
kolbin,1
genzyme,1
bellofram,1
mede,1
basius,1
gsw,1
sqd,1
algona,1
carlin,1
hfed,1
satated,1
gambell,1
boasrd,1
mokha,1
carrizo,1
odsi,1
killlington,1
mfm,1
poroduction,1
duffus,1
acquah,1
yaccobi,1
watso,1
mtch,1
insurnce,1
kraftwerk,1
elisra,1
texoma,1
dhahab,1
toog,1
unv,1
demopolis,1
neomar,1
depc,1
sartaj,1
iif,1
mandela,1
rennes,1
coastla,1
crld,1
holzstoff,1
conran,1
alternaitcve,1
txon,1
materialises,1
probablility,1
ownnd,1
chw,1
datacopy,1
millicorp,1
illr,1
iclb,1
hemotec,1
lser,1
lakontek,1
bindley,1
extraordainry,1
adkerson,1
tlci,1
isao,1
particulartly,1
lavorel,1
thurman,1
rleated,1
bramham,1
mtrus,1
hallwood,1
horwath,1
almenara,1
hernan,1
demetree,1
incx,1
unfar,1
poreferred,1
nakhimov,1
mineroperu,1
forschung,1
aray,1
alfs,1
thunander,1
curtice,1
morony,1
lucinda,1
allende,1
leal,1
licencing,1
hendrik,1
interesdt,1
kelso,1
rechannelling,1
mcrp,1
subsdiaries,1
roel,1
califoirnia,1
masland,1
ddrinks,1
melvyn,1
capitalises,1
tanurah,1
xico,1
ptro,1
machesney,1
constanza,1
telkom,1
westfair,1
felipe,1
mallory,1
ludena,1
juiry,1
electrosound,1
hermiston,1
udf,1
ewart,1
copmleted,1
ncng,1
septebmer,1
enquire,1
kltj,1
bmdc,1
callao,1
svic,1
cooperatie,1
somewhate,1
cfb,1
mongstad,1
elxsf,1
sfb,1
watersiders,1
allentown,1
raa,1
melilla,1
odom,1
pke,1
fbrx,1
arauca,1
sqn,1
mtp,1
nwnl,1
rtrsy,1
margaretthatcher,1
ruputured,1
ameritech,1
kazakhstan,1
marvoce,1
mvo,1
hostitilies,1
laborarories,1
hayman,1
nenryo,1
steyr,1
klu,1
selecterm,1
leandro,1
wien,1
rebbok,1
elx,1
bojangle,1
esio,1
difficultiesand,1
fsla,1
nisshin,1
chaiyaphum,1
rothman,1
weybridge,1
rolf,1
curti,1
northbrook,1
innopac,1
toromont,1
copperworkers,1
sedi,1
chona,1
pch,1
hydron,1
hodler,1
venezula,1
sclumberger,1
electricite,1
ftk,1
amrf,1
mcmurray,1
chrz,1
ovwv,1
lyphomed,1
zakum,1
bcsi,1
sarawak,1
yousfi,1
dbt,1
rosptach,1
meadowdale,1
adverserial,1
kmsi,1
farnsworth,1
minneopolis,1
rigour,1
metrers,1
mergered,1
fluxtuate,1
riunite,1
tjco,1
frota,1
xicor,1
cryssen,1
ccts,1
intn,1
firsst,1
sall,1
astronics,1
blt,1
hodes,1
tmed,1
lebegue,1
bronwyn,1
statemnet,1
licenced,1
allgemeine,1
strl,1
kean,1
butterworth,1
scoa,1
bayvet,1
mtly,1
intec,1
teishoku,1
spence,1
pitney,1
cnf,1
novebmer,1
negotitations,1
prew,1
ryk,1
houdstermaatschappij,1
sterilise,1
gobain,1
chaper,1
ltxx,1
tentonian,1
meridionale,1
liablities,1
hypothecaire,1
wts,1
canakkale,1
parex,1
myhren,1
bdding,1
pfr,1
egn,1
schlesigner,1
proprosal,1
sbn,1
decmeber,1
sohio,1
stanwood,1
trsl,1
shuxun,1
umea,1
rbsn,1
montero,1
yohai,1
qquarter,1
alexei,1
sennen,1
caecl,1
fbxc,1
antony,1
bergung,1
jeapardy,1
recnt,1
companmy,1
malacarne,1
macanrews,1
goode,1
bundrant,1
tsia,1
rgl,1
jilin,1
irv,1
metabollized,1
revenes,1
mahlmann,1
dionics,1
brownsville,1
dmcb,1
guadalete,1
intla,1
hrok,1
defintive,1
enagage,1
capozza,1
vfsc,1
agriindustries,1
numerex,1
partialy,1
contibel,1
abev,1
suppports,1
herstal,1
metallurg,1
calstar,1
bigb,1
usdc,1
negotiaitons,1
noland,1
ebc,1
kvlm,1
petrocanada,1
oshawa,1
fenner,1
vappenfabrikk,1
favroable,1
soliciation,1
microbio,1
inbc,1
poona,1
theree,1
caljet,1
califora,1
orval,1
unbc,1
leyte,1
delorme,1
tokepa,1
picul,1
hoenmans,1
dtom,1
optimitic,1
accellerated,1
parkvale,1
acuqisition,1
arai,1
rxsc,1
admac,1
prentice,1
intermec,1
frisch,1
cnts,1
shfxf,1
posti,1
centralia,1
harmoko,1
belga,1
baldridge,1
lyonnais,1
gansu,1
macedo,1
russelsteel,1
handleman,1
aviles,1
osrc,1
cruden,1
rosner,1
esther,1
miune,1
haecke,1
koppabergs,1
bluffton,1
miglio,1
ressearch,1
mainz,1
grc,1
mavr,1
authroization,1
sptnd,1
dealter,1
dificulties,1
selby,1
stokely,1
cnsecutive,1
bhf,1
guldemond,1
argimont,1
tcoma,1
grtb,1
lesher,1
nibca,1
vaalian,1
dfm,1
chey,1
analysed,1
fpcc,1
hosposable,1
athabasca,1
espana,1
syacmore,1
macarthy,1
vtk,1
quartter,1
obed,1
osman,1
tadxes,1
acpt,1
scrimgeour,1
howden,1
genz,1
hellmuth,1
maccia,1
fmtc,1
noz,1
degroot,1
minnett,1
msiz,1
cper,1
fransi,1
morne,1
dibo,1
uruc,1
uclaf,1
washita,1
ceroni,1
nasouli,1
merrimac,1
kodel,1
eliot,1
significnt,1
mantelet,1
newscope,1
mbeya,1
maastricht,1
presidnt,1
butc,1
joul,1
defeathered,1
adapingthe,1
broadview,1
lachine,1
gtsc,1
hennepin,1
strevig,1
artw,1
econmomic,1
cumhuriyet,1
efu,1
jornal,1
farny,1
flanders,1
dryden,1
gulfway,1
comitments,1
pehr,1
bltfx,1
tcel,1
schenectady,1
sanpao,1
gluch,1
yotaro,1
frepr,1
aarnoud,1
promexpo,1
mizel,1
enble,1
wynnewood,1
safras,1
sftpf,1
idcc,1
desptp,1
shaalan,1
sjg,1
advc,1
tsunao,1
avry,1
ashai,1
cmmc,1
mccaughan,1
allegheney,1
cavr,1
winfried,1
lugano,1
adjustm,1
mrgc,1
ildled,1
tmi,1
alsacienne,1
pnh,1
vres,1
ardna,1
zimr,1
elkas,1
hfi,1
capco,1
hogn,1
tmexf,1
laval,1
moffat,1
yasuda,1
falmouth,1
shinbun,1
aiways,1
bbd,1
caclulted,1
tweedel,1
tomenson,1
rta,1
denville,1
ilzsg,1
rvial,1
kusumaatmadja,1
petrocurrency,1
tananbaum,1
carrozzeria,1
kilolitre,1
lisbeth,1
dalt,1
bmet,1
gustaaf,1
cxts,1
kakuei,1
minneaplois,1
mcl,1
khor,1
fitwater,1
janusz,1
cgn,1
nafi,1
smin,1
conceeds,1
porxpan,1
repoen,1
fnc,1
coutervailing,1
unkonwn,1
quix,1
aitx,1
stanhome,1
embu,1
dejean,1
kwelagobe,1
actitity,1
mrch,1
comoros,1
iranan,1
mupawose,1
firat,1
sji,1
prosz,1
nwor,1
valdivieso,1
drh,1
emulex,1
epxertise,1
phb,1
kenan,1
orkin,1
conneticut,1
apreil,1
rfit,1
copco,1
cji,1
sparkes,1
pertti,1
narvaez,1
utiles,1
shrortly,1
legg,1
optkf,1
cosby,1
bicc,1
tihamah,1
drx,1
nmln,1
alcudiai,1
tdi,1
haverhill,1
mdln,1
kluwer,1
miga,1
previoius,1
msti,1
budyka,1
aluminiumwerke,1
laf,1
transers,1
compania,1
hillenbrand,1
susbidiaries,1
donaldsen,1
mepsi,1
dcf,1
durgs,1
somphol,1
pebw,1
beliview,1
fertlizer,1
ckp,1
joerg,1
armendariz,1
companyies,1
sandusky,1
ishrat,1
tomasso,1
advsiors,1
braude,1
ackerman,1
caron,1
mlnvs,1
nsp,1
technische,1
ssbb,1
consideer,1
saxton,1
wdg,1
qsv,1
gancia,1
vasily,1
newcor,1
beleggingscompagnie,1
conchemco,1
pinellas,1
tssi,1
interdyne,1
laredo,1
bitc,1
pomeroy,1
additivies,1
fujairah,1
repoprt,1
sadat,1
nicor,1
raut,1
sanwet,1
piura,1
microsize,1
realmerica,1
thalmann,1
fwfp,1
estblishes,1
pgo,1
ccon,1
pios,1
lazr,1
dlrsl,1
hhot,1
mirtone,1
agls,1
cscn,1
pgi,1
hafild,1
indefintiely,1
authorizerd,1
pkwy,1
burlilgnton,1
huancayo,1
jolfa,1
sdtock,1
reversl,1
hibbert,1
prepackers,1
shaheen,1
pannzoil,1
collado,1
hco,1
sumary,1
ainimum,1
picn,1
broadacasting,1
tadahiko,1
preventedf,1
sbp,1
willowbrook,1
yaobang,1
corpoartion,1
hwg,1
lichtbalu,1
acklands,1
herold,1
susanne,1
linoil,1
cnvlz,1
spectramed,1
syntech,1
bermans,1
petroleiros,1
mssl,1
lakeshell,1
cypsa,1
hoel,1
executone,1
tyreb,1
dilulted,1
snp,1
padukka,1
europeiske,1
intex,1
rijeka,1
velasco,1
airsensors,1
investcorp,1
spokemsan,1
sundstrand,1
touristique,1
skf,1
raco,1
subotica,1
barringer,1
ncets,1
eqt,1
georgeson,1
bremerhaven,1
fgas,1
teledyne,1
doulton,1
mgrc,1
hawesville,1
khark,1
reesentment,1
mayaguez,1
arh,1
chpn,1
lqm,1
gdmk,1
quilon,1
dmag,1
speedstor,1
abdulla,1
gnc,1
muto,1
psli,1
aidc,1
roble,1
idbx,1
wincenty,1
photronic,1
csms,1
cazale,1
morobe,1
stcok,1
diebold,1
efthymia,1
mochtar,1
equibank,1
unifirst,1
appalachian,1
nikiforuk,1
trenwick,1
humbrol,1
karnes,1
autrex,1
luxembourgeoise,1
terrano,1
ncco,1
revelving,1
larsen,1
auergesellschaft,1
willingnes,1
zuckerman,1
ecuatoriana,1
nbcc,1
grossmman,1
dowty,1
mongolia,1
ravnholt,1
bonker,1
fabrique,1
farrmers,1
yumurtalik,1
envirosure,1
kevlin,1
toohey,1
lach,1
frd,1
famr,1
arroba,1
marchie,1
banckshares,1
afsl,1
crni,1
larive,1
csa,1
telfer,1
componenets,1
saviour,1
cpq,1
heinken,1
jaap,1
unse,1
crna,1
lrc,1
rebutts,1
valvoline,1
trction,1
chibougamu,1
vinegrowers,1
mccs,1
ucs,1
dny,1
perugina,1
asamoah,1
bicol,1
oakite,1
soycomplex,1
dvh,1
covington,1
haagen,1
bernoulli,1
plma,1
reintensification,1
salnu,1
sharehoilders,1
bernbach,1
canephora,1
shiments,1
ramar,1
koei,1
utilco,1
myg,1
spillman,1
fsm,1
mccaa,1
bridgestone,1
elecronics,1
fairmount,1
bidtek,1
surfrace,1
ducommon,1
jabobs,1
klukwan,1
metermaster,1
codn,1
telq,1
noncitrus,1
estremadoyro,1
vsalc,1
citytrust,1
asssociation,1
jmed,1
imd,1
lempers,1
dazs,1
ragan,1
nonaccural,1
chjange,1
nflation,1
jonahi,1
ktii,1
ccb,1
texstar,1
bancorpartion,1
draught,1
sithe,1
wpb,1
erdem,1
tlxn,1
schipol,1
plasticmaking,1
excchange,1
padaeng,1
vasteras,1
sikes,1
sisak,1
reeacquisition,1
araya,1
marckesano,1
recheduling,1
amdec,1
keewatin,1
hani,1
lumonics,1
sixten,1
epto,1
saks,1
lsco,1
swn,1
digitech,1
csn,1
milastar,1
dmd,1
ilaqua,1
figaro,1
jmbrs,1
gmw,1
habib,1
wednesbury,1
spectrayne,1
hirschberg,1
moere,1
midstates,1
savaiko,1
ciri,1
mnco,1
huggler,1
buckmaster,1
rihl,1
cabk,1
amauligak,1
beleggineng,1
isbj,1
cycr,1
gway,1
southlife,1
hosuing,1
nalco,1
ousmane,1
deapartment,1
cantarell,1
mshr,1
clem,1
sgf,1
oilds,1
diatronics,1
makde,1
phcc,1
eckhart,1
tsfc,1
vallourec,1
juneau,1
camaguey,1
masao,1
obion,1
friedkin,1
categorised,1
helmerich,1
oshap,1
presentand,1
ictor,1
pben,1
fcola,1
fidata,1
verzekeringsgroep,1
selkirk,1
indepedents,1
inestimation,1
fernald,1
dashwood,1
gloeilampenfabriek,1
euromarks,1
coloured,1
nuton,1
tuobin,1
snt,1
serier,1
hydrocal,1
tiverton,1
nonoc,1
paretti,1
teccor,1
vigo,1
ataturk,1
wsl,1
froday,1
greyerz,1
flagler,1
poloron,1
automobili,1
ouitstanding,1
moyana,1
mckinsey,1
previoiusly,1
dechamps,1
byelorussia,1
interemdiate,1
internchange,1
ackerly,1
goldkist,1
crtn,1
resultes,1
develp,1
norcem,1
kennametal,1
computerised,1
wopuld,1
cvt,1
hardjoko,1
alkan,1
geogia,1
californai,1
hartselle,1
blount,1
bowes,1
munsingwear,1
tsri,1
nakhon,1
rossiya,1
nroc,1
okutsu,1
sfi,1
ragsdale,1
votinmg,1
gwd,1
devtek,1
kpst,1
mongkok,1
tiome,1
shareholdersapproved,1
danial,1
faciities,1
mothercare,1
haml,1
gloeielampenfabrieken,1
intitiate,1
kellog,1
reute,1
miltope,1
insiza,1
pdsva,1
bundesbnak,1
statpipe,1
goldner,1
acse,1
edac,1
skaw,1
berkley,1
keynes,1
infta,1
fcob,1
trti,1
btek,1
thudershower,1
cncl,1
brophy,1
warnaco,1
amendend,1
intercontinentale,1
halefoglu,1
hauserman,1
winnemucca,1
osamu,1
dpcz,1
lvnvf,1
mmft,1
gdw,1
snst,1
okinow,1
mftg,1
wyler,1
beleggingen,1
bilbao,1
intendsd,1
cexx,1
txp,1
manafacturers,1
huanuni,1
imsi,1
fput,1
jubail,1
mxxx,1
cobol,1
willard,1
electiricty,1
bpco,1
loeb,1
pusuant,1
susquehanna,1
garmaise,1
ceoe,1
invetigation,1
consuemr,1
jersery,1
gln,1
irtiza,1
fsbf,1
stolte,1
sigler,1
nahum,1
seax,1
associes,1
engy,1
knobbs,1
starrett,1
jeopardising,1
interfunding,1
sovetskaya,1
sterilisation,1
anwalt,1
emerling,1
grando,1
kba,1
natali,1
osg,1
pnt,1
oeh,1
eanrings,1
colodny,1
gebang,1
calrsson,1
cgr,1
ronson,1
pennsauken,1
oshuf,1
djibouti,1
shinyanga,1
lackawanna,1
isl,1
ulg,1
bingham,1
rodman,1
ranasinghe,1
petrleum,1
sii,1
teicc,1
sunf,1
freres,1
nontechnological,1
saiud,1
okayasu,1
gemc,1
insterest,1
cogeca,1
skeena,1
cvr,1
laterriere,1
vhc,1
jointy,1
cadwalader,1
nerio,1
nyeri,1
caryforwards,1
aqaba,1
reorganising,1
burnell,1
syo,1
chauvco,1
masaji,1
shipmetns,1
fuju,1
sdyn,1
nbty,1
recoton,1
mfc,1
ameriana,1
umbiz,1
albani,1
microelettronica,1
kastl,1
materialsx,1
rioghts,1
tigeral,1
shb,1
wolfson,1
evansville,1
kokusan,1
cayambe,1
fivc,1
tanis,1
frederic,1
billiob,1
soichi,1
fboh,1
southold,1
hinkley,1
bevi,1
norwest,1
moresby,1
shinji,1
commisssion,1
subcriptions,1
kohlique,1
debenures,1
sfgd,1
mindscsape,1
scheduyled,1
elstree,1
sassmannshausen,1
opeations,1
pittway,1
compugraphic,1
landell,1
altnerative,1
unfavourably,1
betweenm,1
restruction,1
dcn,1
bradbury,1
dran,1
fortran,1
ptcc,1
adnea,1
sdg,1
rosecraft,1
lasr,1
shareholkders,1
boisseau,1
thorvald,1
industrietechnik,1
revitalise,1
englewood,1
gdyn,1
goran,1
laiohe,1
esx,1
ktco,1
banstead,1
beigie,1
giesel,1
amendemnt,1
evergood,1
mouduline,1
odilon,1
champneys,1
horsham,1
domco,1
teted,1
arsenio,1
hyox,1
degunzberg,1
japsper,1
ensource,1
plx,1
ludolf,1
liquide,1
officical,1
dnpc,1
guandong,1
bachem,1
pancho,1
expoloration,1
slcn,1
susin,1
iban,1
linares,1
stephan,1
gaions,1
dsts,1
siegfried,1
parnters,1
assuance,1
arland,1
aipn,1
stjm,1
piog,1
richman,1
northtowne,1
afobaka,1
dofascoxinc,1
nunber,1
mechanisims,1
egil,1
settelment,1
anwar,1
mtrc,1
cresskill,1
bbusx,1
memorex,1
branford,1
masoud,1
cheadle,1
asbs,1
mltf,1
ginsburg,1
rapeseeed,1
powderhorn,1
neighbourhood,1
eiler,1
nbbs,1
fhlb,1
callon,1
mullikin,1
securties,1
petroeleos,1
kta,1
kwesi,1
wellman,1
intelstat,1
aqm,1
wello,1
brascan,1
pacc,1
algi,1
rwevs,1
fibronics,1
ahvaz,1
exlude,1
potosi,1
ndsn,1
bcmp,1
interfuel,1
himg,1
heusen,1
warrantech,1
klrt,1
wollo,1
kootenay,1
dlt,1
keiichi,1
ronc,1
yusuf,1
gtam,1
ione,1
lipton,1
cadnetix,1
qms,1
seslowsky,1
fmdc,1
oblitations,1
dehesa,1
vgcb,1
economicly,1
scrp,1
elmano,1
maanagement,1
imad,1
centimetre,1
epsi,1
amerihealth,1
codenoll,1
zuyuan,1
qasim,1
bpgf,1
ingolstadt,1
inudstrial,1
takeeover,1
findley,1
tdcx,1
tecas,1
camd,1
hararghe,1
pyable,1
envirodyne,1
bouterse,1
dlog,1
morger,1
hasrul,1
murdock,1
dillution,1
pdq,1
dunnen,1
halycon,1
costomers,1
redeemd,1
millett,1
pdn,1
pportfolio,1
gmn,1
arundel,1
wmsi,1
quesstimate,1
fttr,1
gotabanken,1
thika,1
ffbk,1
vanuatu,1
senegalese,1
friendswood,1
hatakeyama,1
shl,1
gorman,1
preway,1
executived,1
aleging,1
meiji,1
hechinger,1
stky,1
opc,1
artg,1
koblenz,1
reduiced,1
mfgi,1
fairey,1
acqure,1
teltec,1
uvalde,1
ffbn,1
penaia,1
anatolia,1
rsigned,1
centralled,1
imprts,1
csmo,1
youssri,1
amtron,1
unemploymnent,1
flevoland,1
sweetbaum,1
wattie,1
pleasanton,1
pacn,1
multifood,1
equimpment,1
ctyf,1
conserven,1
datatrak,1
walid,1
pattamapong,1
lenzburg,1
hrsi,1
francico,1
genoc,1
wolohan,1
eavn,1
intc,1
wsam,1
firstbanc,1
scranton,1
dxyn,1
ishikawa,1
grovewood,1
alet,1
viviez,1
pembina,1
youcef,1
ibcc,1
yrk,1
vti,1
zbst,1
catell,1
quikwok,1
cmfb,1
aste,1
ferraz,1
crcc,1
handelsblatt,1
nhsb,1
suva,1
antagonising,1
disution,1
magangue,1
virateck,1
genossenschaftliche,1
traub,1
trsp,1
conserv,1
lazard,1
rjected,1
excelso,1
blife,1
wvz,1
platinova,1
gambro,1
dounas,1
shafi,1
ffkz,1
braniff,1
euaring,1
deps,1
edmond,1
micronetics,1
hoilly,1
volksfuersorge,1
wlbk,1
klauhs,1
xtr,1
benh,1
athlone,1
waxman,1
celt,1
fqa,1
csk,1
conglommerate,1
thermwood,1
xiaoping,1
amsh,1
thp,1
monetray,1
seram,1
ckrb,1
vermoegensholding,1
malachi,1
wenzhou,1
gendex,1
isol,1
dfc,1
resoureces,1
milln,1
ccpt,1
outbidhell,1
radevormwald,1
sfcd,1
zaid,1
tierco,1
rolm,1
tcjc,1
gainsco,1
voutilainen,1
fortsmann,1
slvn,1
withdrfawal,1
romilly,1
transtech,1
fostoria,1
dpc,1
primedical,1
firecom,1
icpyy,1
signetics,1
cfin,1
gwti,1
nerci,1
flp,1
havew,1
multnomah,1
albania,1
braod,1
analogic,1
kec,1
mabs,1
jcor,1
ftnc,1
brookwood,1
tarragona,1
purhcase,1
natt,1
settlem,1
jike,1
eonomists,1
donners,1
reacived,1
relfect,1
otaining,1
mourao,1
vahid,1
patran,1
univerity,1
brinkman,1
specialise,1
stig,1
securitiesd,1
germain,1
valli,1
arsenim,1
mks,1
gidgealpa,1
cjiia,1
sonoco,1
shevardnadze,1
apparaturs,1
suw,1
cmli,1
fcom,1
tarof,1
ouachita,1
dedramatise,1
bky,1
haarmann,1
mcneill,1
speakes,1
ormet,1
orville,1
aart,1
witco,1
rdkn,1
hbol,1
millng,1
npeeq,1
compagnia,1
copmpany,1
sandberg,1
tweendecker,1
espc,1
dinka,1
mocon,1
telephohe,1
pantasote,1
administrtation,1
guminski,1
dgc,1
javett,1
primagas,1
modernising,1
asssessed,1
parini,1
yunfu,1
vilates,1
astin,1
rheothrx,1
ncfs,1
dramatise,1
supradur,1
nycor,1
ecuadoreans,1
hohenwald,1
clairify,1
mihalis,1
agcny,1
csii,1
wtkb,1
zro,1
adriatic,1
crtyz,1
plaintfiffs,1
stepp,1
schering,1
repap,1
castlegar,1
exhcnmage,1
wimi,1
shigeru,1
norristown,1
previouly,1
bfld,1
tully,1
jmb,1
seminconductor,1
dulbin,1
mitterand,1
hackensack,1
sunada,1
hgic,1
romek,1
mcbain,1
sourroille,1
bickner,1
hodges,1
bpsio,1
westfiar,1
berlingske,1
bilbiographic,1
widepread,1
degasificiation,1
barrelling,1
economiques,1
kinney,1
barbosa,1
mgcpv,1
printronix,1
schaefer,1
attributibuted,1
dirsrupting,1
tomrorow,1
pitfield,1
develcon,1
dellsher,1
uspts,1
intenrational,1
realtech,1
eurasbank,1
comnons,1
barcelo,1
percentaage,1
gruop,1
reichmann,1
pritzker,1
sgat,1
ryland,1
datc,1
funktion,1
clopsing,1
odyy,1
bokma,1
sinnificantly,1
compouter,1
almy,1
hambros,1
evros,1
syndicats,1
xidex,1
dimishing,1
westerbeke,1
sciencies,1
lgt,1
minoru,1
pnbt,1
weirton,1
maghreb,1
interestate,1
febaruary,1
inmont,1
sachy,1
departmet,1
fbo,1
lubbck,1
sbending,1
dlcff,1
sandsport,1
acrease,1
wntlc,1
ratsimandresy,1
termiflex,1
acquisitioon,1
narly,1
saddlebrook,1
markel,1
alava,1
requries,1
elmira,1
syms,1
ouray,1
mathieu,1
laclede,1
steinweg,1
gustavo,1
kuznetsov,1
hrzb,1
quintex,1
nendick,1
authoriteis,1
shuichi,1
upri,1
tambang,1
plen,1
shoould,1
sbci,1
gunes,1
truk,1
shelton,1
brescia,1
soyb,1
ownserhip,1
sogecred,1
eastek,1
cury,1
orenda,1
aguila,1
acquirees,1
ewing,1
danske,1
uffe,1
debenturers,1
barricini,1
tappmeyer,1
rsl,1
agreemement,1
dexploitants,1
gres,1
covt,1
csba,1
oahu,1
ebnc,1
shanley,1
snat,1
incomex,1
geolog,1
csbp,1
uopn,1
expireon,1
blowingand,1
fossen,1
bakersfield,1
kosan,1
fukuhara,1
taiwain,1
axr,1
cooperativa,1
eqica,1
alamo,1
jeoparadising,1
usre,1
gustev,1
keithley,1
berre,1
rbok,1
fluoroscan,1
mlnprofit,1
ngfa,1
trx,1
vsr,1
giveing,1
humaid,1
holderson,1
houma,1
pumpover,1
tunisian,1
lfbr,1
crandell,1
pisgah,1
mlle,1
abboud,1
paust,1
ffws,1
sps,1
spilt,1
graniere,1
oub,1
mrcm,1
payn,1
macalpine,1
miyazaki,1
greb,1
ulcerants,1
shre,1
ibrd,1
eua,1
bancario,1
polyco,1
ruter,1
baes,1
parmelia,1
industruments,1
hirsch,1
bbrc,1
hfc,1
kiatpaiboon,1
etla,1
fidel,1
byou,1
docugraphix,1
briarcliff,1
arrayanes,1
hardie,1
ziyang,1
alfin,1
nsany,1
ibcp,1
corpoven,1
fokida,1
cepsa,1
crocker,1
meguerditch,1
unreseved,1
ifsl,1
farrington,1
strober,1
sunstar,1
octanos,1
keboo,1
pwg,1
soekor,1
standardised,1
forfieted,1
bennigan,1
infodata,1
wga,1
flexiblility,1
avaition,1
ssdn,1
apostolakis,1
aeroperu,1
unfabricated,1
gottesman,1
saloman,1
mpet,1
payx,1
tesitified,1
wallaceburg,1
vernors,1
ccimf,1
srb,1
huisman,1
dislcosed,1
garrone,1
caguas,1
ttco,1
johor,1
ega,1
hugoton,1
piccadilly,1
juster,1
corocoro,1
geraldez,1
paulsboro,1
biosearch,1
effecitive,1
gallilum,1
dosk,1
schwietert,1
vsd,1
sconninx,1
crosibie,1
consolodation,1
veeco,1
ifr,1
alog,1
cmic,1
strohmaier,1
cetek,1
furstenberg,1
khur,1
btcu,1
pepco,1
victa,1
aprove,1
cnrd,1
apolonio,1
reimer,1
neslemur,1
mcht,1
silvercrest,1
microbilt,1
sgma,1
feca,1
fgbi,1
sigi,1
hfd,1
katsuhiko,1
sportschannel,1
techamerica,1
balnces,1
punte,1
reoprted,1
acquried,1
asbi,1
hylbert,1
sibley,1
weighhouse,1
rmedu,1
popx,1
petrocelli,1
bsim,1
harcout,1
gwsb,1
rapitech,1
wrii,1
coooperation,1
grandville,1
cwcc,1
lillie,1
gough,1
democratica,1
gcbk,1
cmh,1
donis,1
surivitchpan,1
commonwealty,1
alif,1
pabx,1
bybee,1
gotlf,1
guerrero,1
reichart,1
hemileia,1
afobakka,1
presidentail,1
clf,1
blud,1
oesterreichischen,1
tlpzv,1
vendo,1
biwc,1
kvil,1
patchawarra,1
chanthaburi,1
advsior,1
internmational,1
goaqc,1
ordonez,1
niaz,1
mfst,1
stna,1
pnw,1
shieldalloy,1
agengy,1
cytr,1
gustave,1
britian,1
edgington,1
kinzoku,1
stbk,1
tvxg,1
sierracin,1
kassenobligation,1
attibuted,1
krumm,1
heminghaus,1
delfin,1
loma,1
norio,1
hubco,1
frt,1
cvgi,1
fsys,1
crain,1
beijar,1
milar,1
antigone,1
computerknowledge,1
feiter,1
gandf,1
muo,1
duchesne,1
siuda,1
bayry,1
ffc,1
lorain,1
hwl,1
carvalho,1
micropro,1
zheziang,1
mancheski,1
waynesboro,1
robertus,1
telecommucations,1
sthf,1
batam,1
grassgreen,1
bnch,1
hyponex,1
cleopatra,1
denemours,1
medtronics,1
refco,1
jct,1
newell,1
florakis,1
enahnce,1
beasley,1
upen,1
sptr,1
snith,1
ladbroke,1
ustc,1
colorocs,1
cfcf,1
discontinuedoperations,1
virco,1
veghel,1
gsps,1
worlkd,1
wajax,1
italtel,1
rosdeitcher,1
usvc,1
lebensversicherung,1
corproration,1
enetertainment,1
atlee,1
strasbourg,1
dmc,1
westronic,1
overtonnage,1
cukropol,1
rplo,1
ranchmen,1
siemen,1
agsi,1
payble,1
adbe,1
fnma,1
contorl,1
occidentale,1
aruba,1
apera,1
trc,1
swasey,1
wyo,1
pietsch,1
holbrook,1
mnln,1
mcmc,1
atwood,1
mergewr,1
rkwd,1
sukkerfabrikker,1
heidepriem,1
nelect,1
nasta,1
metalna,1
schleede,1
chaneriya,1
lawrenceville,1
brc,1
abga,1
strng,1
recapitalizaton,1
giggletree,1
nonprogram,1
designess,1
jamestown,1
schelsinger,1
solomecs,1
norbec,1
vago,1
rationalising,1
ababa,1
harland,1
azerbaijan,1
artra,1
homeclubs,1
hxl,1
neka,1
transaciton,1
elxsi,1
missstatements,1
yasuoki,1
telzerow,1
resalat,1
mindanao,1
wedgers,1
maricorp,1
kurunegala,1
kaepa,1
mcclellan,1
lpli,1
grantes,1
saarland,1
pruducts,1
substnatial,1
carlberg,1
dbrn,1
cochrane,1
stutz,1
healthco,1
hwkb,1
vhcl,1
unimar,1
borc,1
euromoney,1
amx,1
axe,1
crownamerica,1
peistner,1
shsb,1
schwatz,1
bemis,1
orbn,1
indepndent,1
sleepeeze,1
exide,1
francine,1
halcon,1
harmonising,1
unipack,1
digigraphic,1
luyten,1
sigmaform,1
tecogen,1
bothnia,1
mtrx,1
ropk,1
excpanding,1
nbfis,1
burkhard,1
catavi,1
marplan,1
murata,1
sbm,1
hnm,1
inoperation,1
actp,1
afn,1
vigrously,1
elstein,1
krlz,1
vse,1
dlrsd,1
tigtened,1
norquest,1
tkr,1
porx,1
safeco,1
ivanhoe,1
nca,1
morristown,1
wnn,1
queenstown,1
deleware,1
dickinson,1
meixian,1
slt,1
axilrod,1
atpi,1
crrs,1
purolatr,1
cinemax,1
glt,1
cbe,1
anecf,1
blanketted,1
sdhr,1
maioled,1
paradyine,1
sentuc,1
polytetrahydrofuran,1
kanasa,1
agreeeement,1
wellcome,1
porsches,1
nhci,1
secruties,1
petronor,1
halldor,1
ouptut,1
unsworth,1
accptances,1
ilfc,1
distrition,1
ciif,1
odetics,1
fraudalent,1
alcoma,1
georg,1
bfd,1
pipelline,1
citgs,1
galanter,1
maryann,1
wle,1
telecomputing,1
boersen,1
architecural,1
langsa,1
spip,1
intertechnology,1
circon,1
kalamazoo,1
crink,1
soaf,1
ahp,1
arrranged,1
hosni,1
lvt,1
exorted,1
seetransport,1
galesburg,1
territorrial,1
adventist,1
substaintial,1
virgil,1
khalaf,1
mahd,1
primark,1
fuqua,1
oeprations,1
sidy,1
pimary,1
faisal,1
tigera,1
nsh,1
aog,1
communicaton,1
continentale,1
cyril,1
geox,1
octoer,1
etienne,1
suratanakaweekul,1
benel,1
rerefiner,1
holsten,1
temuco,1
bergdorf,1
curitiba,1
frabrication,1
nfsi,1
nfsf,1
luby,1
cnsp,1
sigr,1
okesman,1
cecos,1
ambank,1
effvective,1
herbicidesand,1
mmd,1
romoleroux,1
expecetd,1
plantronics,1
qlty,1
itxi,1
seidler,1
burgdorff,1
enahcnement,1
dhulz,1
pwm,1
tunis,1
jepson,1
instron,1
belize,1
volv,1
woc,1
majeire,1
bfo,1
shipmet,1
johnstown,1
cattani,1
vicorp,1
perwira,1
nrt,1
jens,1
ibio,1
polimeri,1
irdv,1
junger,1
telzrow,1
bjic,1
xcel,1
newwman,1
higgins,1
unie,1
agf,1
barretto,1
kge,1
flink,1
degadillo,1
soochow,1
mainenance,1
renedered,1
robintech,1
wikeley,1
timmins,1
meyo,1
offence,1
bimd,1
ginsberg,1
postsplit,1
darmstadt,1
extensification,1
learnt,1
bkrs,1
quaotities,1
nsic,1
thulin,1
idd,1
reopend,1
minneosta,1
pinochet,1
zincor,1
consirable,1
timb,1
agrnomics,1
cuhney,1
annumal,1
cclr,1
hydrodealkylation,1
owership,1
cbio,1
venango,1
agreemats,1
cellulosa,1
borneo,1
cxrl,1
seapride,1
henk,1
krueger,1
departnment,1
ftl,1
spilf,1
pinapple,1
brannam,1
sumun,1
npsgu,1
cimarron,1
fbgi,1
campeche,1
gsti,1
borge,1
ladenburg,1
situatin,1
raferty,1
opertations,1
wirtschaftswoche,1
grif,1
intek,1
jeopardise,1
pmsc,1
nbct,1
kcsi,1
ffsm,1
macrum,1
hubert,1
genl,1
nmg,1
oglethorpe,1
ciro,1
lesly,1
okubo,1
laargest,1
plaintifs,1
ofconcern,1
vof,1
shelbourne,1
previuosly,1
mclain,1
nippert,1
kertih,1
oestasiatiske,1
mcrib,1
goodmark,1
ohsc,1
froces,1
markest,1
hldr,1
rosskopf,1
kapsis,1
maslen,1
sebastiao,1
sssv,1
amapa,1
protit,1
midsouth,1
olieselskab,1
medecines,1
tcst,1
glasstite,1
fleischer,1
mtma,1
ciego,1
ryl,1
hbe,1
krelitz,1
covertible,1
astec,1
underwaty,1
gmtif,1
pubilic,1
gaosline,1
taranto,1
emcore,1
fiot,1
matanzas,1
axelgard,1
vangarlem,1
geismar,1
redemtion,1
sheraton,1
methb,1
marrel,1
greenman,1
perconal,1
syncytial,1
uncanned,1
uai,1
perioods,1
doherty,1
chattanooga,1
expectational,1
fengbing,1
versis,1
graco,1
clri,1
mirdha,1
igne,1
pruposes,1
lupinus,1
ferranti,1
fukushima,1
lind,1
viatech,1
maclean,1
liaoning,1
olii,1
yantai,1
chronar,1
bdc,1
barros,1
ibge,1
kheng,1
kirkuk,1
hfet,1
sasles,1
mikr,1
whittar,1
rgis,1
cly,1
firestone,1
ffmy,1
silfer,1
clc,1
mpmts,1
suppoort,1
cucd,1
rionda,1
refecting,1
universidade,1
lenz,1
fundmental,1
signtech,1
forstall,1
shinjuku,1
fwf,1
zeitung,1
smni,1
bgenf,1
koki,1
investming,1
schulman,1
bdep,1
lorne,1
verzekering,1
gvmi,1
grandmarais,1
dcy,1
avl,1
demonstating,1
rps,1
pomona,1
suzaki,1
tbti,1
naccowlah,1
bullmoose,1
cascavel,1
wtr,1
witchita,1
snettisham,1
sharehoplder,1
siracusa,1
asscess,1
odour,1
piks,1
disdmutase,1
equion,1
subisdies,1
poct,1
emco,1
crmr,1
guarini,1
eldb,1
strb,1
fsical,1
soufre,1
dataflex,1
muenchener,1
xebc,1
duliuted,1
aece,1
padovan,1
recamp,1
rcot,1
witbank,1
sete,1
hiltzheimer,1
sherwood,1
telequest,1
panamerica,1
coittee,1
rajastan,1
deutz,1
timecharters,1
simm,1
bbks,1
masy,1
namir,1
cwtr,1
freightways,1
dumont,1
burdekin,1
reexported,1
tlexf,1
idel,1
labouring,1
puisaye,1
plit,1
hrmn,1
electrinical,1
envs,1
delmed,1
mftn,1
utp,1
equalisation,1
amdc,1
meriden,1
vrln,1
powr,1
airsignal,1
consumere,1
adddition,1
sandox,1
tnc,1
timechartering,1
saii,1
majr,1
tcrd,1
buolding,1
kreir,1
ldn,1
norska,1
auxiliaire,1
scitex,1
bridgewater,1
bijan,1
macon,1
fct,1
mgdvf,1
suliman,1
summerfallow,1
barnstead,1
bowcan,1
reafforestation,1
kingsley,1
bensenville,1
rfen,1
conosolidation,1
relunctant,1
benderley,1
entg,1
intneds,1
reogranization,1
deltaus,1
pafific,1
vikingolje,1
bayerische,1
atorino,1
operationswas,1
dekuyper,1
universdal,1
benderly,1
tomaso,1
sedco,1
luigi,1
scom,1
befire,1
kpt,1
redice,1
puat,1
eduard,1
industrialsed,1
provisiion,1
ettore,1
gardena,1
scheudled,1
raffinage,1
ctn,1
shareby,1
minimised,1
smoerbukk,1
petrorusrance,1
viktor,1
zeid,1
cayzer,1
csbn,1
picco,1
hanke,1
tanura,1
atn,1
dynavision,1
sarnia,1
itaqui,1
cnb,1
jaimie,1
wtlca,1
bundaberg,1
infd,1
nln,1
delfino,1
hardwick,1
trustcorp,1
unitrode,1
meiko,1
ecaudor,1
hilke,1
infusaid,1
ezzedine,1
lxbk,1
hrzn,1
adct,1
filtrona,1
pasn,1
truscott,1
dslt,1
tital,1
friedrichs,1
bkla,1
bunzl,1
flti,1
snw,1
sekiyukagaku,1
timah,1
intk,1
mmblf,1
organise,1
supplie,1
stbd,1
kbh,1
rhodic,1
addis,1
awcsa,1
kuroski,1
landa,1
florestais,1
indqa,1
volan,1
repreentatives,1
priolo,1
woodhead,1
nickolds,1
parital,1
afcx,1
hiromitsu,1
hdi,1
scientifics,1
deogracias,1
icludes,1
ryoka,1
nwph,1
alfl,1
bqr,1
malapai,1
tranaction,1
dlrss,1
abdel,1
finalco,1
preseving,1
idustries,1
gru,1
eppler,1
feltex,1
harvesteed,1
potetnital,1
psbk,1
antioquia,1
stanlow,1
essxa,1
lwis,1
ampol,1
sfas,1
malvern,1
enzn,1
lacr,1
adqeuate,1
prm,1
tapie,1
chiyojima,1
tirr,1
scottsboro,1
huashan,1
garj,1
bazoli,1
acquyire,1
omco,1
jackaman,1
zuheir,1
rcord,1
mauritian,1
rastam,1
aproveitamentos,1
esmah,1
haser,1
aeco,1
ozarka,1
aynalem,1
sbi,1
ccmc,1
sdo,1
jier,1
overlifting,1
chb,1
reut,1
uhler,1
vsec,1
zentralbank,1
bdvf,1
schuman,1
computors,1
kombo,1
nmsb,1
wayfoong,1
shulansky,1
bair,1
willb,1
lawton,1
dnam,1
burrillville,1
henri,1
adtec,1
katharina,1
realisable,1
laporte,1
bpsiq,1
rpica,1
finanziara,1
falkirk,1
pnu,1
masashi,1
geated,1
tuscarawas,1
bundebank,1
fbgia,1
scotsdale,1
beloit,1
materialy,1
spiegler,1
mnc,1
cbco,1
ehp,1
llb,1
texun,1
raym,1
harnischfeger,1
francx,1
maribor,1
fdp,1
handelsgesmbh,1
bulhx,1
rhoads,1
microdyme,1
brockton,1
fsi,1
bgph,1
dklbb,1
williamsville,1
arsn,1
frion,1
znat,1
sonx,1
wwp,1
uruaguay,1
geertsema,1
usm,1
butl,1
makl,1
mangagement,1
brasileira,1
bpmi,1
gatx,1
limt,1
duevel,1
facilitie,1
quadrex,1
iskenderun,1
bronfman,1
fairbanks,1
sifi,1
seputro,1
francoise,1
uht,1
rerefining,1
aseay,1
rejseforsikrings,1
northrup,1
anzali,1
mauritania,1
ushi,1
valex,1
claymont,1
shgares,1
bruks,1
bulawayo,1
ploughed,1
abington,1
sanf,1
phyt,1
cgt,1
walther,1
paramus,1
liniers,1
paian,1
brunswig,1
comsmetics,1
pallice,1
hager,1
refinancement,1
modelled,1
reddaway,1
counterbore,1
calfed,1
telesystems,1
helene,1
thies,1
kerb,1
mcarthur,1
depresed,1
pman,1
gdic,1
asca,1
paralysing,1
wdfc,1
afbd,1
shinawi,1
denpac,1
atvc,1
amsol,1
moir,1
anititrust,1
allis,1
luthie,1
thackeray,1
definitve,1
qmed,1
scovill,1
resown,1
celna,1
valp,1
johsen,1
sammons,1
tenney,1
teheran,1
darlington,1
severel,1
splf,1
aizawa,1
ssiaa,1
kingman,1
ryohei,1
palle,1
trinova,1
hpu,1
soctt,1
castlemaine,1
sepcial,1
teleproductions,1
natg,1
mgll,1
rapp,1
ahc,1
mmi,1
heublin,1
chicoutimi,1
aepi,1
utama,1
enserch,1
organiaation,1
sabhavasu,1
secureity,1
cleburne,1
ostn,1
gostev,1
apholte,1
harbin,1
medan,1
warrenton,1
dranetz,1
omc,1
mustapha,1
interpart,1
labasa,1
anwi,1
banponce,1
crompton,1
figueras,1
addressograph,1
quartger,1
vstr,1
zegl,1
greeneville,1
lfio,1
dtrk,1
cayuga,1
kji,1
slaid,1
atng,1
cccr,1
ridgecrest,1
extraordinrary,1
kandeel,1
reaan,1
imnet,1
batus,1
oel,1
developoment,1
collectivites,1
nederlandsche,1
kharrazi,1
habre,1
yassin,1
sttement,1
gottschalks,1
desinations,1
booklyn,1
mossel,1
cinci,1
knut,1
creamette,1
subsisides,1
forsyth,1
pennell,1
presticide,1
gakuen,1
undeground,1
nurukawa,1
gamb,1
kunayev,1
galeota,1
aachener,1
greengrass,1
lebow,1
helpt,1
gasekt,1
inmportant,1
rollins,1
uddevalla,1
qchm,1
bayernverein,1
wltn,1
aancor,1
syscon,1
bruca,1
eastwood,1
rukwa,1
friedhelm,1
arusha,1
kmdc,1
phsy,1
cockburn,1
silverstein,1
buckley,1
subordianted,1
wirebars,1
corvallis,1
ouststanding,1
sayi,1
julien,1
rimmer,1
staodynamics,1
trsc,1
athey,1
shraes,1
nesb,1
cytotech,1
kirin,1
samarco,1
brancho,1
iniziativa,1
industriali,1
gaullist,1
unibancorp,1
angell,1
vastatrix,1
defaud,1
yilin,1
staqrted,1
herriot,1
uslico,1
redco,1
trombetas,1
sonae,1
wbb,1
nmk,1
kram,1
editiion,1
cardiovascualr,1
dryr,1
swaine,1
committess,1
shos,1
riedel,1
ministy,1
psarouthakis,1
righs,1
fitchburg,1
dryclean,1
hagerstown,1
katsuyuki,1
danzinger,1
gruntal,1
nums,1
durapipe,1
alltest,1
neave,1
laventhol,1
autotrol,1
maniframe,1
rucias,1
savona,1
fgrp,1
sidi,1
edomestic,1
acivities,1
attacksf,1
acuqire,1
interallianz,1
loius,1
canandaigua,1
michelin,1
unzelman,1
bulr,1
niall,1
soyproducts,1
colson,1
cff,1
lnsb,1
headquartera,1
madelin,1
npct,1
cstn,1
recinds,1
microgrpahics,1
hoffmann,1
seec,1
zfour,1
brenton,1
mathew,1
practised,1
vlissingen,1
radif,1
petrolite,1
clnp,1
ptco,1
dartmouth,1
unita,1
rabo,1
stikers,1
agreemnents,1
villalobos,1
tireworkers,1
centerior,1
derferred,1
genex,1
dynair,1
associaiton,1
depedent,1
binks,1
cmpanies,1
ardmore,1
kuznetsky,1
kimbark,1
sarvaas,1
geico,1
mnust,1
adna,1
eksportfinans,1
chanthong,1
svu,1
twmc,1
miwok,1
vhi,1
qtec,1
florio,1
medicom,1
mackes,1
mnh,1
ecra,1
mmr,1
jolla,1
cortronic,1
burgdoff,1
mechtron,1
sidro,1
pastic,1
simbl,1
propoerties,1
thinh,1
hendersonville,1
dni,1
distrigas,1
cognitronics,1
esop,1
tuscaloosa,1
lyles,1
cheleden,1
vsh,1
ciots,1
nevis,1
aaix,1
kvaerner,1
stragey,1
loand,1
esex,1
incus,1
tmpl,1
okiyama,1
contral,1
petrolera,1
zellerbach,1
ionterest,1
paychex,1
channelink,1
avila,1
assetsof,1
glfs,1
lucien,1
gudbjarnarson,1
comptek,1
liquiids,1
marinduque,1
leonhard,1
halefolu,1
rost,1
solv,1
ludlum,1
albn,1
aluminimum,1
hellman,1
borrrowings,1
pekka,1
gnex,1
imtc,1
ramsden,1
leduc,1
pny,1
junin,1
ricoh,1
automatix,1
trengganu,1
vereinsbank,1
clanton,1
gutmann,1
teq,1
franke,1
txi,1
stdl,1
baytown,1
garo,1
hzn,1
ufst,1
noncompetive,1
leonora,1
dothan,1
inview,1
wchi,1
notimex,1
agnew,1
aluminio,1
santow,1
wdh,1
creditgors,1
picardy,1
inabiliuty,1
mikron,1
intercapital,1
erekson,1
agres,1
industory,1
besse,1
cben,1
prex,1
kippur,1
colville,1
fco,1
teapa,1
constitucion,1
aztec,1
starft,1
brzt,1
fifo,1
rourke,1
bankworkers,1
datx,1
rausen,1
periodiocally,1
thk,1
giancarlo,1
kennan,1
intest,1
capitalise,1
debvt,1
lykes,1
wistar,1
earley,1
gabonese,1
opffer,1
volkmer,1
mannville,1
teutong,1
cefadroxil,1
oripes,1
tentiative,1
wausau,1
acadia,1
amph,1
salick,1
gonzalo,1
revenueslast,1
adjusments,1
oquendo,1
microoganisms,1
boxleigh,1
prspect,1
stgm,1
susbsidiary,1
fwch,1
tyln,1
newfoundlanders,1
aarn,1
kriwet,1
pcep,1
cylcops,1
tomaszewska,1
gregorian,1
papanderou,1
frmi,1
lyonaise,1
lnce,1
intw,1
almys,1
marlborough,1
pemberton,1
nonbelligerent,1
destabilising,1
nbfi,1
savo,1
gban,1
amrep,1
fhs,1
industies,1
moussa,1
ayp,1
circumstasnces,1
psr,1
gemh,1
ziana,1
vien,1
appaturs,1
suprlus,1
systemhouse,1
sssl,1
mississauga,1
wrtc,1
rbc,1
nobl,1
landshire,1
pavo,1
positiive,1
janauary,1
qedx,1
surpasssing,1
norrkoping,1
corwith,1
erodoble,1
wladyslaw,1
morenci,1
shirmax,1
mmac,1
cih,1
usuaually,1
comserv,1
wclb,1
twicce,1
tolland,1
mondanto,1
naftagas,1
tsbk,1
amnount,1
edmin,1
parra,1
infestattion,1
austn,1
dickson,1
gustloff,1
nashimoto,1
productvitiy,1
vfed,1
tunnelling,1
industrivarden,1
wght,1
wgl,1
acquisititon,1
smed,1
hech,1
maximilian,1
ortoli,1
futjitsu,1
pll,1
kacek,1
entrepreuers,1
montano,1
guillevin,1
reafffirmation,1
haoruo,1
gonzaga,1
dexleigh,1
gecc,1
harjavalta,1
nmrx,1
bogota,1
weissach,1
connunications,1
hytek,1
ponsbach,1
gilotherm,1
masahiko,1
cumberlande,1
conroe,1
fundo,1
wqith,1
bacro,1
intellicorp,1
bommenede,1
kenca,1
tinco,1
grandmet,1
lundgren,1
inadeuqate,1
tcat,1
tengelmann,1
attilio,1
dorchester,1
comshare,1
cbss,1
friedburg,1
bellet,1
plab,1
semimanufactured,1
conolog,1
sftpr,1
crcm,1
nantes,1
flae,1
kodiak,1
miniister,1
aproximates,1
acuqired,1
leftwich,1
gggg,1
chemed,1
resrouces,1
vlvl,1
tetsuya,1
ccom,1
financieres,1
nordstrom,1
kerir,1
wilq,1
hinton,1
weritedown,1
prcm,1
shopuld,1
stepanian,1
euqivalent,1
ldco,1
gramlich,1
frns,1
tulare,1
communciate,1
moseley,1
gruenberg,1
pdo,1
horton,1
fishoil,1
eqty,1
cfbi,1
bennack,1
wmtt,1
saidperformance,1
ppti,1
rsch,1
boksburg,1
contran,1
gng,1
pmbk,1
jemr,1
skfr,1
wolkin,1
hostetler,1
formalise,1
npra,1
hussmann,1
lesco,1
cwld,1
fidis,1
walb,1
newworld,1
afrcian,1
optioon,1
dedramatising,1
unih,1
keltic,1
goldhirsh,1
fintel,1
sungari,1
psnc,1
auxt,1
areias,1
cdl,1
hausereman,1
terwillger,1
csys,1
khafji,1
belden,1
ransburg,1
wstx,1
missapropriated,1
ivb,1
convest,1
roussos,1
shkif,1
wanamaker,1
nondilutive,1
dlta,1
thomaston,1
chpk,1
quartelry,1
yld,1
hcci,1
llsi,1
philmac,1
lafarege,1
itsi,1
milpitas,1
barlett,1
sherwoood,1
nbio,1
earnngs,1
liban,1
mischer,1
amstel,1
supd,1
cbtf,1
elecetric,1
southernnet,1
breakdwon,1
graeme,1
stepan,1
centronic,1
lohn,1
swv,1
gulton,1
algeciras,1
seekiong,1
tretvoll,1
heijn,1
ncac,1
chd,1
antagonise,1
roussel,1
glenfed,1
norbert,1
csw,1
mogn,1
beauticontrol,1
sbk,1
nssi,1
semiconducteurs,1
interalumina,1
ncw,1
mosier,1
shanker,1
nowshahr,1
bralorne,1
propuced,1
bohai,1
neogtiating,1
tny,1
wgo,1
omani,1
kell,1
munchmeyer,1
bedell,1
substantitally,1
cvgt,1
tucsonm,1
ujb,1
ruhr,1
newe,1
satisfacotry,1
fakkan,1
monson,1
herpolsheimer,1
okt,1
unifast,1
convern,1
cristobal,1
jhsn,1
mvst,1
sture,1
worthington,1
shipbreaker,1
reil,1
abastecimiento,1
kwd,1
telediffusion,1
kevan,1
rahr,1
juen,1
deicits,1
telebyte,1
ptras,1
nwl,1
pohlad,1
revmac,1
gympie,1
aileen,1
faaa,1
cosentino,1
mayp,1
slaine,1
alatenn,1
mottek,1
fonderen,1
datamag,1
biflyx,1
llx,1
conergic,1
nzym,1
flucuation,1
teloz,1
austwhim,1
wrexham,1
mcgraw,1
unitil,1
pnre,1
tregurtha,1
euronotes,1
deneuve,1
herington,1
wilton,1
fssla,1
ferrosan,1
shipholding,1
beechcraft,1
eastcan,1
recnogized,1
glp,1
opelika,1
koerner,1
kuykenball,1
barbados,1
tajon,1
bejam,1
csm,1
enuc,1
anibal,1
somfa,1
pretoria,1
gaons,1
nonwithheld,1
fnni,1
anthes,1
bpl,1
centerbank,1
canadaina,1
enrique,1
nikitas,1
alvear,1
karlheinz,1
shearon,1
markborough,1
norhteast,1
khadeir,1
dinmukhamed,1
uco,1
agredd,1
trizec,1
belstead,1
newpark,1
eletrospace,1
timoci,1
corea,1
ulric,1
environmmental,1
clx,1
ostend,1
copperweld,1
neuflize,1
maintenenace,1
dbd,1
gianfranco,1
rounnd,1
schiller,1
storeage,1
yueran,1
ctwl,1
conditios,1
kauai,1
fattah,1
bgbr,1
garnac,1
trafford,1
comtrex,1
chandross,1
ostrander,1
kalimantan,1
nimit,1
kommerzialbank,1
conteol,1
exptect,1
nutm,1
marseille,1
tokio,1
arie,1
iaa,1
acccounts,1
cruists,1
kwinana,1
robn,1
langasco,1
mette,1
waterford,1
orgnaization,1
japex,1
guanghdong,1
schedualed,1
gtv,1
bayl,1
mym,1
mfd,1
oilfileds,1
northport,1
cojuango,1
abbenhaus,1
bonwit,1
bongard,1
zentralsparkasse,1
aneco,1
practise,1
gloucestershire,1
cvcc,1
poulenc,1
amrel,1
rivalling,1
mohave,1
petroelum,1
falkenstein,1
agreemend,1
bhutan,1
steero,1
afgi,1
formatura,1
wako,1
zwermann,1
recorddd,1
spinnoff,1
spokane,1
uwe,1
kompagni,1
utiliazation,1
requsted,1
lancashire,1
hypx,1
adebayo,1
guyana,1
westminister,1
pactel,1
cfdt,1
linder,1
approvcal,1
horis,1
pkoh,1
genevar,1
armr,1
tatl,1
losxs,1
tyco,1
yves,1
walywn,1
startupo,1
hlc,1
midl,1
lithographing,1
irsh,1
sheldaul,1
haumer,1
demico,1
cdni,1
prnciple,1
sangsu,1
oncor,1
mfi,1
abf,1
columbians,1
mrll,1
frcm,1
canstar,1
redisposition,1
scotian,1
relph,1
mariotime,1
grigory,1
ambj,1
evnsvlle,1
otf,1
leopold,1
rarawai,1
pinal,1
ubks,1
tifton,1
toepfer,1
procter,1
rgo,1
languetin,1
lonsdale,1
underwritng,1
mechanised,1
rht,1
equalling,1
delatour,1
macke,1
iglsf,1
bgas,1
buildiers,1
ratu,1
interagra,1
lefranc,1
billard,1
fortin,1
effot,1
srce,1
pfina,1
smouldering,1
pkn,1
hbw,1
omnicare,1
thaddeus,1
gesamtmetall,1
chartham,1
ondustries,1
assumptrion,1
staalfabrieken,1
nicanor,1
kri,1
judson,1
fca,1
brd,1
munger,1
albertans,1
ffct,1
resturcturing,1
makri,1
scc,1
dmcz,1
dlres,1
snbl,1
armoured,1
ahsc,1
benelux,1
fsfa,1
ccab,1
hamza,1
carryfoward,1
ozark,1
activitrax,1
becomleted,1
bren,1
atsushi,1
alvin,1
rhineland,1
nmot,1
tayer,1
colclough,1
fisons,1
enseco,1
hph,1
rankin,1
weinburger,1
ligigation,1
peviously,1
texasgulf,1
mackie,1
milliyet,1
lfg,1
belzbergs,1
braodacasting,1
branko,1
pbi,1
renfrew,1
mtec,1
redec,1
resm,1
arby,1
seqp,1
sltm,1
zama,1
mantha,1
yonne,1
hlco,1
watnick,1
jofree,1
suppies,1
ihirf,1
derivitives,1
nationalisation,1
adnan,1
ssm,1
minnetonka,1
breawater,1
heldor,1
declnes,1
hypothekenbank,1
gerrit,1
syscom,1
commerice,1
acg,1
amims,1
wedndsday,1
ohta,1
idyn,1
messel,1
geb,1
vboice,1
mbls,1
ocl,1
ltlp,1
adana,1
aghia,1
itcf,1
dylex,1
cobey,1
cojuanco,1
puertollano,1
unriq,1
ucit,1
represenmts,1
sonntag,1
predepreciation,1
csyi,1
kuppenheimer,1
tyc,1
foynes,1
rosalyn,1
nyhammer,1
mogstad,1
dnzr,1
nanfang,1
chihiro,1
aiki,1
delaurentiis,1
nastro,1
datachecker,1
chiron,1
mineo,1
redel,1
matto,1
nvco,1
chartwell,1
corfp,1
zimoil,1
soleley,1
btrl,1
vereinwest,1
oprating,1
eurocapital,1
braga,1
rodolfo,1
centralising,1
villespedue,1
zahnradfabrik,1
cpml,1
interenational,1
castelo,1
thoratec,1
xyvision,1
rosemarie,1
solr,1
bernardo,1
vahit,1
standwell,1
gienow,1
unamorized,1
menlo,1
bwla,1
burndy,1
cravath,1
dardanelles,1
aabex,1
crrc,1
rsgi,1
aelna,1
ringling,1
kazuo,1
maputo,1
brandstrom,1
beatrice,1
passau,1
purra,1
telecharge,1
ubcp,1
superamerica,1
clrx,1
bfs,1
bradenton,1
belf,1
valleycast,1
invx,1
baqeri,1
phx,1
stodgell,1
liquers,1
maserati,1
armand,1
rsto,1
dahlberg,1
balmer,1
trentonian,1
calona,1
gleneagles,1
extraordinarycredits,1
centuri,1
ctrn,1
soria,1
jcbs,1
publicised,1
franciso,1
psix,1
preparted,1
reunies,1
publicise,1
prtax,1
qet,1
kendallville,1
unwiling,1
meru,1
optrotech,1
gingerich,1
estatal,1
remillers,1
sarji,1
tndm,1
rashid,1
geneen,1
rinn,1
tmk,1
chene,1
holllinger,1
rcmt,1
kollmorgen,1
mrbl,1
cban,1
hrb,1
hmdy,1
labouisse,1
sonesta,1
cerier,1
isko,1
bedevilling,1
ftse,1
duin,1
exlcudes,1
baucus,1
spartacus,1
junius,1
koido,1
rcm,1
thoerl,1
shadowfax,1
respark,1
kuaiti,1
yendollar,1
barclay,1
northstar,1
benguet,1
crlnf,1
blgr,1
restructurining,1
qwtr,1
shunjiro,1
jec,1
varieites,1
bastia,1
csec,1
pyrotech,1
cyrpus,1
deyan,1
weinblatt,1
acra,1
fge,1
biloxi,1
spectran,1
cornfeedmeal,1
fijian,1
athuorised,1
pmk,1
polysaturated,1
telecrafter,1
davignon,1
agrreement,1
firstg,1
refelcted,1
mct,1
admininistrative,1
saidane,1
ibk,1
cehave,1
polydex,1
ecf,1
matsui,1
mahasarakam,1
neale,1
mattel,1
sxi,1
anat,1
cycacq,1
groep,1
biomedicals,1
hygeia,1
egl,1
bmtc,1
shaanxi,1
luzon,1
tdy,1
lamy,1
redekop,1
swarup,1
lsa,1
elser,1
baong,1
bbdo,1
februry,1
telkon,1
genecor,1
billoin,1
wehat,1
harilaos,1
keene,1
akira,1
uniuts,1
minimising,1
sfcp,1
trro,1
foxboro,1
cecil,1
kaen,1
telexed,1
jarl,1
benficiaries,1
potuction,1
overbeeke,1
tintaya,1
rmi,1
varzi,1
kenner,1
ordfer,1
isnlikely,1
balzec,1
nvbc,1
ckc,1
ptrk,1
rhone,1
itw,1
binion,1
wickersham,1
harrah,1
volga,1
hmi,1
hecht,1
corportion,1
redlake,1
bradstreet,1
oakridge,1
phfc,1
presidenze,1
alick,1
wsc,1
dependant,1
cometra,1
asiatic,1
contstitutes,1
gundie,1
salleh,1
onofre,1
yukio,1
unr,1
distron,1
riased,1
horne,1
ssax,1
cinram,1
gaillard,1
schuykill,1
equadorian,1
rainer,1
havanonda,1
muraoka,1
governmemnt,1
kearn,1
mkor,1
cnpf,1
coppernickle,1
suthee,1
hissene,1
mancuso,1
criticising,1
acqustion,1
augat,1
shipshewana,1
greenberg,1
geduld,1
worgroce,1
expieration,1
seascope,1
croesus,1
aee,1
tca,1
wtel,1
karsten,1
bougainville,1
ntwk,1
bophuthatswana,1
carlucci,1
realtive,1
stalon,1
inadquate,1
bacp,1
oxm,1
dunlop,1
srfi,1
lozada,1
plocek,1
inundative,1
rexi,1
wenatchee,1
pofit,1
atim,1
klootwijk,1
galo,1
everly,1
receiveable,1
kamga,1
bonneville,1
durenberger,1
casy,1
aritech,1
qustion,1
cayb,1
nelr,1
nbsc,1
makanoff,1
durango,1
amag,1
currrency,1
mtsr,1
andersson,1
prefential,1
phph,1
shipley,1
steego,1
saxif,1
capistrano,1
comminuique,1
ferrara,1
cobk,1
sardinia,1
sharesseeking,1
aagiy,1
amrc,1
aguilar,1
dullingari,1
medes,1
occurrred,1
tsr,1
citr,1
angl,1
ibca,1
cullinet,1
dtsi,1
mozambican,1
crdits,1
acuisition,1
maurizio,1
ggfh,1
ghw,1
moerbeke,1
nonperformind,1
arequipa,1
panfida,1
budd,1
masontown,1
compuscan,1
dwpa,1
newgotiated,1
gerold,1
altschul,1
slv,1
cookeville,1
studebaker,1
scms,1
jwi,1
ojay,1
permanenty,1
jalc,1
scio,1
ruvuma,1
reserveshelped,1
buinesses,1
nesp,1
msai,1
aerotech,1
pvh,1
wthg,1
estmates,1
benham,1
jayewardene,1
bellmon,1
ahth,1
bouses,1
sanborn,1
estiamted,1
mdwy,1
buhindi,1
paringa,1
biac,1
trieste,1
whls,1
staffan,1
sobey,1
maximium,1
txln,1
corporacion,1
thiam,1
ccxn,1
hibernia,1
cromwell,1
iinc,1
seneca,1
frederik,1
sfy,1
ceremenony,1
ictm,1
aztc,1
southington,1
eklutna,1
interarab,1
macsharry,1
burnudi,1
dli,1
bilizerian,1
mcorp,1
cspi,1
dynastar,1
nanticoke,1
telecontrol,1
vgca,1
lieb,1
sucocitrico,1
companyt,1
stratabit,1
filtertek,1
sockerfabriks,1
respectviely,1
norwood,1
xingang,1
osl,1
molturacion,1
calprop,1
ofp,1
daiwa,1
taggart,1
hanns,1
dsy,1
spriggs,1
subhi,1
rosebay,1
gradoville,1
protecionist,1
bassiouni,1
duth,1
flf,1
cpsl,1
dearptment,1
mininize,1
teleconcepts,1
practising,1
opoer,1
promisary,1
winland,1
euras,1
reafffirm,1
egpc,1
compositair,1
malr,1
birdsboro,1
farmitalia,1
monopolising,1
unassumed,1
shuwa,1
wmi,1
hurc,1
gart,1
reiseforsikring,1
wpo,1
